id,createdAt,updatedAt,archived,properties.createdate,properties.domain,properties.hs_lastmodifieddate,properties.hs_object_id,properties.name
138616529118,2025-04-26T10:11:40.378Z,2025-05-06T13:08:21.586Z,False,2025-04-26T10:11:40.378Z,hubspot.com,2025-05-06T13:08:21.586Z,138616529118,HubSpot
145102662894,2025-05-06T11:56:30.642Z,2025-05-06T13:08:23.477Z,False,2025-05-06T11:56:30.642Z,,2025-05-06T13:08:23.477Z,145102662894,"Hernandez, Jackson and Gonzalez"
145102662895,2025-05-06T11:56:30.670Z,2025-05-06T13:08:10.327Z,False,2025-05-06T11:56:30.670Z,,2025-05-06T13:08:10.327Z,145102662895,Hammond Inc
145102662896,2025-05-06T11:56:30.670Z,2025-05-06T13:08:24.623Z,False,2025-05-06T11:56:30.670Z,,2025-05-06T13:08:24.623Z,145102662896,"Williams, Hudson and Burton"
145102662897,2025-05-06T11:56:30.679Z,2025-05-06T13:08:22.964Z,False,2025-05-06T11:56:30.679Z,,2025-05-06T13:08:22.964Z,145102662897,"Bender, Miller and Dunn"
145102662898,2025-05-06T11:56:30.701Z,2025-05-06T13:08:14.806Z,False,2025-05-06T11:56:30.701Z,,2025-05-06T13:08:14.806Z,145102662898,"Morales, Rasmussen and Burnett"
145102662899,2025-05-06T11:56:30.705Z,2025-05-06T13:08:21.049Z,False,2025-05-06T11:56:30.705Z,,2025-05-06T13:08:21.049Z,145102662899,Moore and Sons
145102662900,2025-05-06T11:56:30.718Z,2025-05-06T13:08:14.757Z,False,2025-05-06T11:56:30.718Z,,2025-05-06T13:08:14.757Z,145102662900,Ellis-Gonzalez
145102662901,2025-05-06T11:56:30.722Z,2025-05-06T13:08:15.051Z,False,2025-05-06T11:56:30.722Z,,2025-05-06T13:08:15.051Z,145102662901,"Hamilton, Rice and Gaines"
145102662902,2025-05-06T11:56:30.738Z,2025-05-12T09:51:03.769Z,False,2025-05-06T11:56:30.738Z,,2025-05-12T09:51:03.769Z,145102662902,"Young, Baker and Shaw"
145102662903,2025-05-06T11:56:30.738Z,2025-05-12T09:51:02.160Z,False,2025-05-06T11:56:30.738Z,,2025-05-12T09:51:02.160Z,145102662903,May and Sons
145102662904,2025-05-06T11:56:30.742Z,2025-05-12T09:51:01.776Z,False,2025-05-06T11:56:30.742Z,,2025-05-12T09:51:01.776Z,145102662904,Vazquez-Bradley
145102662905,2025-05-06T11:56:30.742Z,2025-05-12T09:51:03.516Z,False,2025-05-06T11:56:30.742Z,,2025-05-12T09:51:03.516Z,145102662905,"Blackburn, Brown and Warren"
145102663866,2025-05-06T11:56:30.815Z,2025-05-12T09:51:03.773Z,False,2025-05-06T11:56:30.815Z,,2025-05-12T09:51:03.773Z,145102663866,Huang and Sons
145102663867,2025-05-06T11:56:30.792Z,2025-05-12T09:51:02.148Z,False,2025-05-06T11:56:30.792Z,,2025-05-12T09:51:02.148Z,145102663867,Bryant and Sons
145102663868,2025-05-06T11:56:30.815Z,2025-05-12T09:51:05.005Z,False,2025-05-06T11:56:30.815Z,,2025-05-12T09:51:05.005Z,145102663868,Wright Ltd
145102663869,2025-05-06T11:56:30.770Z,2025-05-12T09:51:07.316Z,False,2025-05-06T11:56:30.770Z,,2025-05-12T09:51:07.316Z,145102663869,Armstrong Ltd
145547519203,2025-05-06T11:56:30.670Z,2025-05-06T13:08:22.975Z,False,2025-05-06T11:56:30.670Z,,2025-05-06T13:08:22.975Z,145547519203,"Braun, Velasquez and Chang"
145547519204,2025-05-06T11:56:30.679Z,2025-05-06T13:08:12.104Z,False,2025-05-06T11:56:30.679Z,,2025-05-06T13:08:12.104Z,145547519204,Lopez-Allen
145547519205,2025-05-06T11:56:30.679Z,2025-05-06T13:08:15.868Z,False,2025-05-06T11:56:30.679Z,,2025-05-06T13:08:15.868Z,145547519205,"Hopkins, Russell and Bolton"
145547519206,2025-05-06T11:56:30.702Z,2025-05-06T13:08:10.638Z,False,2025-05-06T11:56:30.702Z,,2025-05-06T13:08:10.638Z,145547519206,Moore-Patterson
145547519207,2025-05-06T11:56:30.704Z,2025-05-06T13:08:23.416Z,False,2025-05-06T11:56:30.704Z,,2025-05-06T13:08:23.416Z,145547519207,Myers PLC
145547519208,2025-05-06T11:56:30.719Z,2025-05-06T13:08:14.753Z,False,2025-05-06T11:56:30.719Z,,2025-05-06T13:08:14.753Z,145547519208,"Smith, Phillips and Wiggins"
145547519209,2025-05-06T11:56:30.725Z,2025-05-06T13:08:18.247Z,False,2025-05-06T11:56:30.725Z,,2025-05-06T13:08:18.247Z,145547519209,"Holmes, Moreno and Elliott"
145547519210,2025-05-06T11:56:30.725Z,2025-05-06T13:08:11.834Z,False,2025-05-06T11:56:30.725Z,,2025-05-06T13:08:11.834Z,145547519210,Hebert Inc
145547519211,2025-05-06T11:56:30.738Z,2025-05-12T09:51:04.775Z,False,2025-05-06T11:56:30.738Z,,2025-05-12T09:51:04.775Z,145547519211,"Cole, Mann and Calhoun"
145547519212,2025-05-06T11:56:30.791Z,2025-05-12T09:51:05.004Z,False,2025-05-06T11:56:30.791Z,,2025-05-12T09:51:05.004Z,145547519212,"Poole, Thomas and Figueroa"
145556515033,2025-05-06T11:56:30.672Z,2025-05-06T13:08:18.106Z,False,2025-05-06T11:56:30.672Z,,2025-05-06T13:08:18.106Z,145556515033,"Cunningham, English and Mclaughlin"
145556515034,2025-05-06T11:56:30.679Z,2025-05-06T13:08:11.126Z,False,2025-05-06T11:56:30.679Z,,2025-05-06T13:08:11.126Z,145556515034,Morales-Hart
145556515035,2025-05-06T11:56:30.718Z,2025-05-06T13:08:11.782Z,False,2025-05-06T11:56:30.718Z,,2025-05-06T13:08:11.782Z,145556515035,Lamb Inc
145556515036,2025-05-06T11:56:30.725Z,2025-05-12T09:51:03.787Z,False,2025-05-06T11:56:30.725Z,,2025-05-12T09:51:03.787Z,145556515036,Crawford-Michael
145556515037,2025-05-06T11:56:30.742Z,2025-05-12T09:51:04.458Z,False,2025-05-06T11:56:30.742Z,,2025-05-12T09:51:04.458Z,145556515037,Wilkinson-Beck
145556515038,2025-05-06T11:56:30.768Z,2025-05-12T09:51:03.778Z,False,2025-05-06T11:56:30.768Z,,2025-05-12T09:51:03.778Z,145556515038,Smith-Calderon
145556515039,2025-05-06T11:56:30.791Z,2025-05-12T09:51:05.673Z,False,2025-05-06T11:56:30.791Z,,2025-05-12T09:51:05.673Z,145556515039,"Ellis, Cox and Cook"
145558241488,2025-05-06T11:56:30.642Z,2025-05-06T13:08:20.896Z,False,2025-05-06T11:56:30.642Z,,2025-05-06T13:08:20.896Z,145558241488,Gonzalez Inc
145558241489,2025-05-06T11:56:30.671Z,2025-05-06T13:08:15.053Z,False,2025-05-06T11:56:30.671Z,,2025-05-06T13:08:15.053Z,145558241489,Gould Inc
145558241490,2025-05-06T11:56:30.701Z,2025-05-06T13:08:22.327Z,False,2025-05-06T11:56:30.701Z,,2025-05-06T13:08:22.327Z,145558241490,"Gregory, Barrett and Parks"
145558241491,2025-05-06T11:56:30.703Z,2025-05-06T13:08:16.903Z,False,2025-05-06T11:56:30.703Z,,2025-05-06T13:08:16.903Z,145558241491,"Pierce, Morgan and Butler"
145558241492,2025-05-06T11:56:30.704Z,2025-05-06T13:08:10.869Z,False,2025-05-06T11:56:30.704Z,,2025-05-06T13:08:10.869Z,145558241492,Holmes-Klein
145558241493,2025-05-06T11:56:30.722Z,2025-05-06T13:08:23.298Z,False,2025-05-06T11:56:30.722Z,,2025-05-06T13:08:23.298Z,145558241493,Ross Inc
145558241494,2025-05-06T11:56:30.738Z,2025-05-12T09:51:04.423Z,False,2025-05-06T11:56:30.738Z,,2025-05-12T09:51:04.423Z,145558241494,"Gomez, Mcpherson and Wu"
145558241495,2025-05-06T11:56:30.768Z,2025-05-12T09:51:03.576Z,False,2025-05-06T11:56:30.768Z,,2025-05-12T09:51:03.576Z,145558241495,Ray PLC
145558241496,2025-05-06T11:56:30.792Z,2025-05-12T09:51:04.458Z,False,2025-05-06T11:56:30.792Z,,2025-05-12T09:51:04.458Z,145558241496,"Garcia, Bailey and Green"
145558241497,2025-05-06T11:56:30.815Z,2025-05-12T09:51:03.574Z,False,2025-05-06T11:56:30.815Z,,2025-05-12T09:51:03.574Z,145558241497,Mayer-Guerrero
145558241498,2025-05-06T11:56:30.817Z,2025-05-12T09:51:02.463Z,False,2025-05-06T11:56:30.817Z,,2025-05-12T09:51:02.463Z,145558241498,Christensen Inc
145560028406,2025-05-06T11:56:30.643Z,2025-05-06T13:08:17.849Z,False,2025-05-06T11:56:30.643Z,,2025-05-06T13:08:17.849Z,145560028406,Ramirez LLC
145560028407,2025-05-06T11:56:30.670Z,2025-05-06T13:08:15.849Z,False,2025-05-06T11:56:30.670Z,,2025-05-06T13:08:15.849Z,145560028407,Miller Ltd
145560028408,2025-05-06T11:56:30.679Z,2025-05-06T13:08:17.234Z,False,2025-05-06T11:56:30.679Z,,2025-05-06T13:08:17.234Z,145560028408,Washington-Mccann
145560028409,2025-05-06T11:56:30.679Z,2025-05-06T13:08:17.234Z,False,2025-05-06T11:56:30.679Z,,2025-05-06T13:08:17.234Z,145560028409,Vaughan PLC
145560029370,2025-05-06T11:56:30.680Z,2025-05-06T13:08:21.969Z,False,2025-05-06T11:56:30.680Z,,2025-05-06T13:08:21.969Z,145560029370,Tate-Brown
145560029371,2025-05-06T11:56:30.705Z,2025-05-06T13:08:23.474Z,False,2025-05-06T11:56:30.705Z,,2025-05-06T13:08:23.474Z,145560029371,Martin-Green
145560029372,2025-05-06T11:56:30.706Z,2025-05-06T13:08:22.329Z,False,2025-05-06T11:56:30.706Z,,2025-05-06T13:08:22.329Z,145560029372,Jones-May
145560029373,2025-05-06T11:56:30.718Z,2025-05-12T09:34:39.859Z,False,2025-05-06T11:56:30.718Z,,2025-05-12T09:34:39.859Z,145560029373,"Jordan, Jackson and Mcmahon"
145560029374,2025-05-06T11:56:30.725Z,2025-05-12T09:51:04.416Z,False,2025-05-06T11:56:30.725Z,,2025-05-12T09:51:04.416Z,145560029374,"Grant, Villarreal and Hamilton"
145560029375,2025-05-06T11:56:30.739Z,2025-05-12T09:51:05.671Z,False,2025-05-06T11:56:30.739Z,,2025-05-12T09:51:05.671Z,145560029375,Fields and Sons
145560029376,2025-05-06T11:56:30.742Z,2025-05-12T09:51:03.157Z,False,2025-05-06T11:56:30.742Z,,2025-05-12T09:51:03.157Z,145560029376,Baker-Herrera
145560029378,2025-05-06T11:56:30.792Z,2025-05-12T09:51:02.504Z,False,2025-05-06T11:56:30.792Z,,2025-05-12T09:51:02.504Z,145560029378,Salazar-James
145579785404,2025-05-06T11:56:30.643Z,2025-05-06T13:08:11.146Z,False,2025-05-06T11:56:30.643Z,,2025-05-06T13:08:11.146Z,145579785404,"Watson, Harrell and Thomas"
145579785405,2025-05-06T11:56:30.669Z,2025-05-06T13:08:16.748Z,False,2025-05-06T11:56:30.669Z,,2025-05-06T13:08:16.748Z,145579785405,"James, Montgomery and Shelton"
145579785406,2025-05-06T11:56:30.679Z,2025-05-06T13:08:22.970Z,False,2025-05-06T11:56:30.679Z,,2025-05-06T13:08:22.970Z,145579785406,"Curtis, George and Smith"
145579785407,2025-05-06T11:56:30.718Z,2025-05-06T13:08:22.875Z,False,2025-05-06T11:56:30.718Z,,2025-05-06T13:08:22.875Z,145579785407,Ward Ltd
145579785408,2025-05-06T11:56:30.740Z,2025-05-12T09:51:07.311Z,False,2025-05-06T11:56:30.740Z,,2025-05-12T09:51:07.311Z,145579785408,"Moss, Deleon and Harrington"
145579785409,2025-05-06T11:56:30.741Z,2025-05-12T09:51:06.285Z,False,2025-05-06T11:56:30.741Z,,2025-05-12T09:51:06.285Z,145579785409,Lewis-Lopez
145579785410,2025-05-06T11:56:30.768Z,2025-05-12T09:51:03.164Z,False,2025-05-06T11:56:30.768Z,,2025-05-12T09:51:03.164Z,145579785410,Hebert Ltd
145579785411,2025-05-06T11:56:30.791Z,2025-05-12T09:51:04.464Z,False,2025-05-06T11:56:30.791Z,,2025-05-12T09:51:04.464Z,145579785411,Rogers Inc
145579785412,2025-05-06T11:56:30.791Z,2025-05-12T09:51:06.281Z,False,2025-05-06T11:56:30.791Z,,2025-05-12T09:51:06.281Z,145579785412,"Cox, Jimenez and Roth"
145579785413,2025-05-06T11:56:30.815Z,2025-05-12T09:51:04.462Z,False,2025-05-06T11:56:30.815Z,,2025-05-12T09:51:04.462Z,145579785413,Hudson-Sellers
145579785414,2025-05-06T11:56:30.816Z,2025-05-12T09:51:06.292Z,False,2025-05-06T11:56:30.816Z,,2025-05-12T09:51:06.292Z,145579785414,"Barrett, Jackson and Farmer"
145596768492,2025-05-06T11:56:30.642Z,2025-05-06T13:08:11.154Z,False,2025-05-06T11:56:30.642Z,,2025-05-06T13:08:11.154Z,145596768492,Evans Inc
145596768493,2025-05-06T11:56:30.643Z,2025-05-06T13:08:21.891Z,False,2025-05-06T11:56:30.643Z,,2025-05-06T13:08:21.891Z,145596768493,Mason Ltd
145596768494,2025-05-06T11:56:30.669Z,2025-05-06T13:08:24.115Z,False,2025-05-06T11:56:30.669Z,,2025-05-06T13:08:24.115Z,145596768494,"Lee, Davis and Martin"
145596768495,2025-05-06T11:56:30.701Z,2025-05-06T13:08:11.838Z,False,2025-05-06T11:56:30.701Z,,2025-05-06T13:08:11.838Z,145596768495,Wilson Group
145596768496,2025-05-06T11:56:30.703Z,2025-05-06T13:08:10.880Z,False,2025-05-06T11:56:30.703Z,,2025-05-06T13:08:10.880Z,145596768496,Andrade Inc
145596768497,2025-05-06T11:56:30.705Z,2025-05-06T13:08:15.803Z,False,2025-05-06T11:56:30.705Z,,2025-05-06T13:08:15.803Z,145596768497,Williams-Gonzalez
145596768499,2025-05-06T11:56:30.722Z,2025-05-06T13:08:10.637Z,False,2025-05-06T11:56:30.722Z,,2025-05-06T13:08:10.637Z,145596768499,Mathis and Sons
145596768500,2025-05-06T11:56:30.738Z,2025-05-12T09:51:01.527Z,False,2025-05-06T11:56:30.738Z,,2025-05-12T09:51:01.527Z,145596768500,"Flowers, Conley and Walsh"
145596768501,2025-05-06T11:56:30.791Z,2025-05-12T09:51:03.237Z,False,2025-05-06T11:56:30.791Z,,2025-05-12T09:51:03.237Z,145596768501,Vincent-Jackson
145596768502,2025-05-06T11:56:30.817Z,2025-05-12T09:51:05.004Z,False,2025-05-06T11:56:30.817Z,,2025-05-12T09:51:05.004Z,145596768502,Wiggins-Coleman
145610709211,2025-05-06T11:56:30.669Z,2025-05-06T13:08:10.637Z,False,2025-05-06T11:56:30.669Z,,2025-05-06T13:08:10.637Z,145610709211,Patterson-Singh
145610709212,2025-05-06T11:56:30.669Z,2025-05-06T13:08:22.975Z,False,2025-05-06T11:56:30.669Z,,2025-05-06T13:08:22.975Z,145610709212,Garcia-Gutierrez
145610709213,2025-05-06T11:56:30.681Z,2025-05-06T13:08:22.197Z,False,2025-05-06T11:56:30.681Z,,2025-05-06T13:08:22.197Z,145610709213,"Kelly, Sanders and Robertson"
145610709214,2025-05-06T11:56:30.702Z,2025-05-06T13:08:10.628Z,False,2025-05-06T11:56:30.702Z,,2025-05-06T13:08:10.628Z,145610709214,Holmes-Burgess
145610709215,2025-05-06T11:56:30.705Z,2025-05-06T13:08:17.231Z,False,2025-05-06T11:56:30.705Z,,2025-05-06T13:08:17.231Z,145610709215,Schultz-Kirk
145610709216,2025-05-06T11:56:30.738Z,2025-05-12T09:51:03.749Z,False,2025-05-06T11:56:30.738Z,,2025-05-12T09:51:03.749Z,145610709216,"Clark, Butler and Cortez"
145610709217,2025-05-06T11:56:30.742Z,2025-05-12T09:51:00.850Z,False,2025-05-06T11:56:30.742Z,,2025-05-12T09:51:00.850Z,145610709217,Holloway Ltd
145610709218,2025-05-06T11:56:30.768Z,2025-05-12T09:51:04.408Z,False,2025-05-06T11:56:30.768Z,,2025-05-12T09:51:04.408Z,145610709218,Wright-Thomas
145610709219,2025-05-06T11:56:30.792Z,2025-05-12T09:51:03.228Z,False,2025-05-06T11:56:30.792Z,,2025-05-12T09:51:03.228Z,145610709219,Edwards-Vance
145610709220,2025-05-06T11:56:30.792Z,2025-05-12T09:51:04.506Z,False,2025-05-06T11:56:30.792Z,,2025-05-12T09:51:04.506Z,145610709220,Landry Group
145610709221,2025-05-06T11:56:30.815Z,2025-05-12T09:51:04.444Z,False,2025-05-06T11:56:30.815Z,,2025-05-12T09:51:04.444Z,145610709221,Graham-Hernandez
145610709222,2025-05-06T11:56:30.815Z,2025-05-12T09:51:05.687Z,False,2025-05-06T11:56:30.815Z,,2025-05-12T09:51:05.687Z,145610709222,Lewis Group
145612493034,2025-05-06T11:56:30.643Z,2025-05-06T13:08:17.892Z,False,2025-05-06T11:56:30.643Z,,2025-05-06T13:08:17.892Z,145612493034,"Weeks, Kim and Jones"
145612493035,2025-05-06T11:56:30.679Z,2025-05-06T13:08:14.753Z,False,2025-05-06T11:56:30.679Z,,2025-05-06T13:08:14.753Z,145612493035,Strickland-Jones
145612493036,2025-05-06T11:56:30.738Z,2025-05-12T09:51:06.289Z,False,2025-05-06T11:56:30.738Z,,2025-05-12T09:51:06.289Z,145612493036,Mendoza Ltd
145612493037,2025-05-06T11:56:30.739Z,2025-05-12T09:51:02.209Z,False,2025-05-06T11:56:30.739Z,,2025-05-12T09:51:02.209Z,145612493037,Brown-Davis
145612493038,2025-05-06T11:56:30.741Z,2025-05-12T09:51:06.295Z,False,2025-05-06T11:56:30.741Z,,2025-05-12T09:51:06.295Z,145612493038,"Sellers, Davis and Aguilar"
145612493039,2025-05-06T11:56:30.770Z,2025-05-12T09:51:05.663Z,False,2025-05-06T11:56:30.770Z,,2025-05-12T09:51:05.663Z,145612493039,Miles Group
145612493040,2025-05-06T11:56:30.791Z,2025-05-12T09:51:04.779Z,False,2025-05-06T11:56:30.791Z,,2025-05-12T09:51:04.779Z,145612493040,"Joseph, Torres and Turner"
145612493041,2025-05-06T11:56:30.791Z,2025-05-12T09:51:06.856Z,False,2025-05-06T11:56:30.791Z,,2025-05-12T09:51:06.856Z,145612493041,Taylor Ltd
145614303463,2025-05-06T11:56:30.642Z,2025-05-06T13:08:15.686Z,False,2025-05-06T11:56:30.642Z,,2025-05-06T13:08:15.686Z,145614303463,Rios-Hernandez
145614303464,2025-05-06T11:56:30.670Z,2025-05-06T13:08:21.199Z,False,2025-05-06T11:56:30.670Z,,2025-05-06T13:08:21.199Z,145614303464,"Payne, Murphy and Elliott"
145614303465,2025-05-06T11:56:30.679Z,2025-05-06T13:08:23.351Z,False,2025-05-06T11:56:30.679Z,,2025-05-06T13:08:23.351Z,145614303465,Bullock-Johnson
145614303466,2025-05-06T11:56:30.718Z,2025-05-06T13:08:10.880Z,False,2025-05-06T11:56:30.718Z,,2025-05-06T13:08:10.880Z,145614303466,Thomas Ltd
145614303467,2025-05-06T11:56:30.722Z,2025-05-06T13:08:10.972Z,False,2025-05-06T11:56:30.722Z,,2025-05-06T13:08:10.972Z,145614303467,Fernandez Ltd
145614303468,2025-05-06T11:56:30.738Z,2025-05-12T09:51:03.238Z,False,2025-05-06T11:56:30.738Z,,2025-05-12T09:51:03.238Z,145614303468,Roach LLC
145614303469,2025-05-06T11:56:30.769Z,2025-05-12T09:51:03.754Z,False,2025-05-06T11:56:30.769Z,,2025-05-12T09:51:03.754Z,145614303469,Harmon-Mcmillan
145614303470,2025-05-06T11:56:30.791Z,2025-05-12T09:51:06.860Z,False,2025-05-06T11:56:30.791Z,,2025-05-12T09:51:06.860Z,145614303470,Murray-Harrison
145614303471,2025-05-06T11:56:30.792Z,2025-05-12T09:51:03.220Z,False,2025-05-06T11:56:30.792Z,,2025-05-12T09:51:03.220Z,145614303471,Jarvis-Zamora
145632505019,2025-05-06T11:56:30.670Z,2025-05-06T13:08:10.620Z,False,2025-05-06T11:56:30.670Z,,2025-05-06T13:08:10.620Z,145632505019,"Cruz, Hunter and Oconnell"
145632505020,2025-05-06T11:56:30.679Z,2025-05-06T13:23:12.910Z,False,2025-05-06T11:56:30.679Z,,2025-05-06T13:23:12.910Z,145632505020,Bernard PLC
145632505021,2025-05-06T11:56:30.701Z,2025-05-06T13:08:22.327Z,False,2025-05-06T11:56:30.701Z,,2025-05-06T13:08:22.327Z,145632505021,Garcia and Sons
145632505022,2025-05-06T11:56:30.707Z,2025-05-06T13:08:13.341Z,False,2025-05-06T11:56:30.707Z,,2025-05-06T13:08:13.341Z,145632505022,Wolfe-Smith
145632505023,2025-05-06T11:56:30.722Z,2025-05-06T13:08:17.006Z,False,2025-05-06T11:56:30.722Z,,2025-05-06T13:08:17.006Z,145632505023,Thompson-Graham
145632505024,2025-05-06T11:56:30.725Z,2025-05-12T09:51:03.533Z,False,2025-05-06T11:56:30.725Z,,2025-05-12T09:51:03.533Z,145632505024,"Crane, Caldwell and Pierce"
145632505025,2025-05-06T11:56:30.725Z,2025-05-12T09:51:03.172Z,False,2025-05-06T11:56:30.725Z,,2025-05-12T09:51:03.172Z,145632505025,"Edwards, Mcfarland and Becker"
145632505026,2025-05-06T11:56:30.739Z,2025-05-12T09:51:02.230Z,False,2025-05-06T11:56:30.739Z,,2025-05-12T09:51:02.230Z,145632505026,Riggs-Hoffman
145632505027,2025-05-06T11:56:30.741Z,2025-05-12T09:51:03.189Z,False,2025-05-06T11:56:30.741Z,,2025-05-12T09:51:03.189Z,145632505027,Torres-Henderson
145632505028,2025-05-06T11:56:30.769Z,2025-05-12T09:51:03.544Z,False,2025-05-06T11:56:30.769Z,,2025-05-12T09:51:03.544Z,145632505028,Nolan-Oneill
145632505029,2025-05-06T11:56:30.770Z,2025-05-12T09:51:03.170Z,False,2025-05-06T11:56:30.770Z,,2025-05-12T09:51:03.170Z,145632505029,"Osborne, Garcia and Goodman"
145632505030,2025-05-06T11:56:30.792Z,2025-05-12T09:51:03.168Z,False,2025-05-06T11:56:30.792Z,,2025-05-12T09:51:03.168Z,145632505030,"Kline, Davis and Warner"
145706090707,2025-05-06T11:56:30.643Z,2025-05-06T13:08:10.869Z,False,2025-05-06T11:56:30.643Z,,2025-05-06T13:08:10.869Z,145706090707,Duncan Group
145706090708,2025-05-06T11:56:30.642Z,2025-05-06T13:08:15.681Z,False,2025-05-06T11:56:30.642Z,,2025-05-06T13:08:15.681Z,145706090708,"Lopez, Trevino and Santos"
145706090709,2025-05-06T11:56:30.669Z,2025-05-06T13:08:24.658Z,False,2025-05-06T11:56:30.669Z,,2025-05-06T13:08:24.658Z,145706090709,"Nelson, Adams and Myers"
145706090710,2025-05-06T11:56:30.670Z,2025-05-06T13:08:15.696Z,False,2025-05-06T11:56:30.670Z,,2025-05-06T13:08:15.696Z,145706090710,Fritz-Reyes
145706090711,2025-05-06T11:56:30.670Z,2025-05-06T13:08:01.331Z,False,2025-05-06T11:56:30.670Z,,2025-05-06T13:08:01.331Z,145706090711,"Zhang, Duran and Smith"
145706090712,2025-05-06T11:56:30.679Z,2025-05-06T13:08:21.969Z,False,2025-05-06T11:56:30.679Z,,2025-05-06T13:08:21.969Z,145706090712,Costa-Robinson
145706090713,2025-05-06T11:56:30.679Z,2025-05-06T13:08:11.294Z,False,2025-05-06T11:56:30.679Z,,2025-05-06T13:08:11.294Z,145706090713,"Parker, Graham and Duncan"
145706090714,2025-05-06T11:56:30.680Z,2025-05-06T13:08:09.911Z,False,2025-05-06T11:56:30.680Z,,2025-05-06T13:08:09.911Z,145706090714,Lopez-Smith
145706090715,2025-05-06T11:56:30.680Z,2025-05-06T13:08:23.406Z,False,2025-05-06T11:56:30.680Z,,2025-05-06T13:08:23.406Z,145706090715,Mills-Smith
145706090716,2025-05-06T11:56:30.705Z,2025-05-06T13:08:10.693Z,False,2025-05-06T11:56:30.705Z,,2025-05-06T13:08:10.693Z,145706090716,"Smith, Gibbs and Murray"
145706090717,2025-05-06T11:56:30.718Z,2025-05-06T13:08:22.970Z,False,2025-05-06T11:56:30.718Z,,2025-05-06T13:08:22.970Z,145706090717,Jones LLC
145706090719,2025-05-06T11:56:30.725Z,2025-05-12T09:51:02.158Z,False,2025-05-06T11:56:30.725Z,,2025-05-12T09:51:02.158Z,145706090719,"Gilbert, Mejia and Allen"
145706090720,2025-05-06T11:56:30.742Z,2025-05-12T09:51:06.894Z,False,2025-05-06T11:56:30.742Z,,2025-05-12T09:51:06.894Z,145706090720,Young LLC
145706090722,2025-05-06T11:56:30.768Z,2025-05-12T09:51:03.513Z,False,2025-05-06T11:56:30.768Z,,2025-05-12T09:51:03.513Z,145706090722,Jones LLC
145706090723,2025-05-06T11:56:30.791Z,2025-05-12T09:51:01.764Z,False,2025-05-06T11:56:30.791Z,,2025-05-12T09:51:01.764Z,145706090723,Wilcox-Bates
145707875558,2025-05-06T11:56:30.671Z,2025-05-06T13:08:25.087Z,False,2025-05-06T11:56:30.671Z,,2025-05-06T13:08:25.087Z,145707875558,Schroeder Ltd
145707875559,2025-05-06T11:56:30.680Z,2025-05-06T13:08:10.624Z,False,2025-05-06T11:56:30.680Z,,2025-05-06T13:08:10.624Z,145707875559,"Hopkins, Conley and Peterson"
145707875560,2025-05-06T11:56:30.701Z,2025-05-06T13:08:10.620Z,False,2025-05-06T11:56:30.701Z,,2025-05-06T13:08:10.620Z,145707875560,"Blackwell, Smith and Carson"
145707875561,2025-05-06T11:56:30.701Z,2025-05-06T13:08:14.474Z,False,2025-05-06T11:56:30.701Z,,2025-05-06T13:08:14.474Z,145707875561,Diaz and Sons
145707875562,2025-05-06T11:56:30.706Z,2025-05-06T13:08:17.876Z,False,2025-05-06T11:56:30.706Z,,2025-05-06T13:08:17.876Z,145707875562,Stone LLC
145707875563,2025-05-06T11:56:30.718Z,2025-05-06T13:08:23.485Z,False,2025-05-06T11:56:30.718Z,,2025-05-06T13:08:23.485Z,145707875563,Beasley-Poole
145707875564,2025-05-06T11:56:30.725Z,2025-05-12T09:51:03.575Z,False,2025-05-06T11:56:30.725Z,,2025-05-12T09:51:03.575Z,145707875564,Weber LLC
145707875565,2025-05-06T11:56:30.725Z,2025-05-12T09:51:02.549Z,False,2025-05-06T11:56:30.725Z,,2025-05-12T09:51:02.549Z,145707875565,"Huynh, Hamilton and Wong"
145707875566,2025-05-06T11:56:30.738Z,2025-05-12T09:51:03.506Z,False,2025-05-06T11:56:30.738Z,,2025-05-12T09:51:03.506Z,145707875566,Bennett Ltd
145707875567,2025-05-06T11:56:30.739Z,2025-05-12T09:51:05.003Z,False,2025-05-06T11:56:30.739Z,,2025-05-12T09:51:05.003Z,145707875567,"Mccarty, Cox and Mueller"
145707875568,2025-05-06T11:56:30.767Z,2025-05-12T09:51:02.211Z,False,2025-05-06T11:56:30.767Z,,2025-05-12T09:51:02.211Z,145707875568,"Adams, Cruz and Davidson"
145707875569,2025-05-06T11:56:30.768Z,2025-05-12T09:51:07.501Z,False,2025-05-06T11:56:30.768Z,,2025-05-12T09:51:07.501Z,145707875569,"Moore, Wilson and Stanley"
145707875570,2025-05-06T11:56:30.769Z,2025-05-12T09:51:03.177Z,False,2025-05-06T11:56:30.769Z,,2025-05-12T09:51:03.177Z,145707875570,"Wagner, Johnson and Shepherd"
145707875571,2025-05-06T11:56:30.771Z,2025-05-12T09:51:05.664Z,False,2025-05-06T11:56:30.771Z,,2025-05-12T09:51:05.664Z,145707875571,Hill Ltd
145707875572,2025-05-06T11:56:30.815Z,2025-05-12T09:51:01.760Z,False,2025-05-06T11:56:30.815Z,,2025-05-12T09:51:01.760Z,145707875572,"Smith, Garrett and Davis"
145707875573,2025-05-06T11:56:30.815Z,2025-05-12T09:51:03.511Z,False,2025-05-06T11:56:30.815Z,,2025-05-12T09:51:03.511Z,145707875573,Miller-Adams
145716753606,2025-05-06T11:56:30.642Z,2025-05-06T13:08:15.821Z,False,2025-05-06T11:56:30.642Z,,2025-05-06T13:08:15.821Z,145716753606,"Mcdonald, Chambers and Hampton"
145716753607,2025-05-06T11:56:30.642Z,2025-05-06T13:08:17.185Z,False,2025-05-06T11:56:30.642Z,,2025-05-06T13:08:17.185Z,145716753607,"Edwards, Carlson and Adams"
145716753608,2025-05-06T11:56:30.669Z,2025-05-06T13:08:22.980Z,False,2025-05-06T11:56:30.669Z,,2025-05-06T13:08:22.980Z,145716753608,White PLC
145716753609,2025-05-06T11:56:30.669Z,2025-05-06T13:08:24.452Z,False,2025-05-06T11:56:30.669Z,,2025-05-06T13:08:24.452Z,145716753609,Harris-Harris
145716753610,2025-05-06T11:56:30.702Z,2025-05-06T13:08:20.900Z,False,2025-05-06T11:56:30.702Z,,2025-05-06T13:08:20.900Z,145716753610,"Hughes, White and Campbell"
145716753611,2025-05-06T11:56:30.703Z,2025-05-06T13:08:23.405Z,False,2025-05-06T11:56:30.703Z,,2025-05-06T13:08:23.405Z,145716753611,James and Sons
145716753612,2025-05-06T11:56:30.718Z,2025-05-06T13:08:24.452Z,False,2025-05-06T11:56:30.718Z,,2025-05-06T13:08:24.452Z,145716753612,"Valdez, Valdez and Reyes"
145716753613,2025-05-06T11:56:30.718Z,2025-05-06T13:08:23.486Z,False,2025-05-06T11:56:30.718Z,,2025-05-06T13:08:23.486Z,145716753613,"Mendoza, Roberson and Moore"
145716753614,2025-05-06T11:56:30.719Z,2025-05-06T13:08:18.106Z,False,2025-05-06T11:56:30.719Z,,2025-05-06T13:08:18.106Z,145716753614,Morales-Gibson
145716753615,2025-05-06T11:56:30.725Z,2025-05-12T09:51:03.533Z,False,2025-05-06T11:56:30.725Z,,2025-05-12T09:51:03.533Z,145716753615,Esparza-Stevens
145716753616,2025-05-06T11:56:30.738Z,2025-05-12T09:51:01.518Z,False,2025-05-06T11:56:30.738Z,,2025-05-12T09:51:01.518Z,145716753616,Perez-Griffith
145716753617,2025-05-06T11:56:30.769Z,2025-05-12T09:51:04.781Z,False,2025-05-06T11:56:30.769Z,,2025-05-12T09:51:04.781Z,145716753617,"Pacheco, Kemp and Nelson"
145716753618,2025-05-06T11:56:30.791Z,2025-05-12T09:51:03.190Z,False,2025-05-06T11:56:30.791Z,,2025-05-12T09:51:03.190Z,145716753618,Cook-Cook
145716753619,2025-05-06T11:56:30.815Z,2025-05-12T09:51:02.220Z,False,2025-05-06T11:56:30.815Z,,2025-05-12T09:51:02.220Z,145716753619,Davidson Ltd
145716753620,2025-05-06T11:56:30.817Z,2025-05-12T09:51:02.221Z,False,2025-05-06T11:56:30.817Z,,2025-05-12T09:51:02.221Z,145716753620,Garcia-Meyer
145720339681,2025-05-06T11:56:30.642Z,2025-05-06T13:08:10.915Z,False,2025-05-06T11:56:30.642Z,,2025-05-06T13:08:10.915Z,145720339681,"Deleon, White and Cervantes"
145720339682,2025-05-06T11:56:30.669Z,2025-05-06T13:08:22.877Z,False,2025-05-06T11:56:30.669Z,,2025-05-06T13:08:22.877Z,145720339682,Hampton Ltd
145720339683,2025-05-06T11:56:30.679Z,2025-05-06T13:08:10.879Z,False,2025-05-06T11:56:30.679Z,,2025-05-06T13:08:10.879Z,145720339683,Clark-Combs
145720339684,2025-05-06T11:56:30.701Z,2025-05-06T13:08:10.628Z,False,2025-05-06T11:56:30.701Z,,2025-05-06T13:08:10.628Z,145720339684,Harvey PLC
145720339685,2025-05-06T11:56:30.701Z,2025-05-06T13:08:16.810Z,False,2025-05-06T11:56:30.701Z,,2025-05-06T13:08:16.810Z,145720339685,"Miller, Sullivan and Garcia"
145720339687,2025-05-06T11:56:30.704Z,2025-05-06T13:08:15.686Z,False,2025-05-06T11:56:30.704Z,,2025-05-06T13:08:15.686Z,145720339687,Bullock Group
145720339688,2025-05-06T11:56:30.705Z,2025-05-06T13:08:22.329Z,False,2025-05-06T11:56:30.705Z,,2025-05-06T13:08:22.329Z,145720339688,"Williams, Duncan and Williams"
145720339689,2025-05-06T11:56:30.738Z,2025-05-12T09:51:03.572Z,False,2025-05-06T11:56:30.738Z,,2025-05-12T09:51:03.572Z,145720339689,Hall and Sons
145720339690,2025-05-06T11:56:30.742Z,2025-05-12T09:51:03.218Z,False,2025-05-06T11:56:30.742Z,,2025-05-12T09:51:03.218Z,145720339690,Cunningham and Sons
145720339691,2025-05-06T11:56:30.742Z,2025-05-12T09:51:01.523Z,False,2025-05-06T11:56:30.742Z,,2025-05-12T09:51:01.523Z,145720339691,Davis Group
145720339692,2025-05-06T11:56:30.741Z,2025-05-12T09:51:05.678Z,False,2025-05-06T11:56:30.741Z,,2025-05-12T09:51:05.678Z,145720339692,Lowery Ltd
145720339693,2025-05-06T11:56:30.767Z,2025-05-12T09:51:02.517Z,False,2025-05-06T11:56:30.767Z,,2025-05-12T09:51:02.517Z,145720339693,Cooper-Ortiz
145720339694,2025-05-06T11:56:30.767Z,2025-05-12T09:51:03.226Z,False,2025-05-06T11:56:30.767Z,,2025-05-12T09:51:03.226Z,145720339694,"Brown, Savage and Chandler"
145720339695,2025-05-06T11:56:30.770Z,2025-05-12T09:51:06.290Z,False,2025-05-06T11:56:30.770Z,,2025-05-12T09:51:06.290Z,145720339695,Wilson-Young
145720339696,2025-05-06T11:56:30.791Z,2025-05-12T09:51:03.567Z,False,2025-05-06T11:56:30.791Z,,2025-05-12T09:51:03.567Z,145720339696,"Nichols, Young and Rivera"
145720339697,2025-05-06T11:56:30.791Z,2025-05-12T09:51:06.290Z,False,2025-05-06T11:56:30.791Z,,2025-05-12T09:51:06.290Z,145720339697,Hernandez Ltd
145720339698,2025-05-06T11:56:30.815Z,2025-05-12T09:51:05.688Z,False,2025-05-06T11:56:30.815Z,,2025-05-12T09:51:05.688Z,145720339698,"Kemp, Johnson and Cunningham"
145722137793,2025-05-06T11:56:30.701Z,2025-05-06T13:08:14.799Z,False,2025-05-06T11:56:30.701Z,,2025-05-06T13:08:14.799Z,145722137793,"Martinez, Patton and Dominguez"
145722137794,2025-05-06T11:56:30.704Z,2025-05-06T13:08:18.247Z,False,2025-05-06T11:56:30.704Z,,2025-05-06T13:08:18.247Z,145722137794,"Velez, Schwartz and Maldonado"
145722137795,2025-05-06T11:56:30.703Z,2025-05-06T13:08:13.524Z,False,2025-05-06T11:56:30.703Z,,2025-05-06T13:08:13.524Z,145722137795,Taylor-Bridges
145722137796,2025-05-06T11:56:30.725Z,2025-05-12T09:51:04.422Z,False,2025-05-06T11:56:30.725Z,,2025-05-12T09:51:04.422Z,145722137796,Chaney-Jimenez
145722137797,2025-05-06T11:56:30.725Z,2025-05-12T09:51:05.663Z,False,2025-05-06T11:56:30.725Z,,2025-05-12T09:51:05.663Z,145722137797,"Daniels, Dunlap and Hill"
145722137798,2025-05-06T11:56:30.725Z,2025-05-12T09:51:05.016Z,False,2025-05-06T11:56:30.725Z,,2025-05-12T09:51:05.016Z,145722137798,"Owens, Bernard and Hamilton"
145722137799,2025-05-06T11:56:30.725Z,2025-05-12T09:51:05.669Z,False,2025-05-06T11:56:30.725Z,,2025-05-12T09:51:05.669Z,145722137799,"Simmons, Bennett and Carter"
145722137800,2025-05-06T11:56:30.742Z,2025-05-12T09:51:03.145Z,False,2025-05-06T11:56:30.742Z,,2025-05-12T09:51:03.145Z,145722137800,"Sanders, Adams and Patterson"
145722137801,2025-05-06T11:56:30.791Z,2025-05-12T09:51:02.187Z,False,2025-05-06T11:56:30.791Z,,2025-05-12T09:51:02.187Z,145722137801,"Colon, White and Alvarez"
145722137802,2025-05-06T11:56:30.792Z,2025-05-12T09:51:04.418Z,False,2025-05-06T11:56:30.792Z,,2025-05-12T09:51:04.418Z,145722137802,Friedman-Coleman
145723921596,2025-05-06T11:56:30.669Z,2025-05-06T13:08:22.195Z,False,2025-05-06T11:56:30.669Z,,2025-05-06T13:08:22.195Z,145723921596,"Jackson, Potts and Fernandez"
145723921597,2025-05-06T11:56:30.704Z,2025-05-06T13:08:24.452Z,False,2025-05-06T11:56:30.704Z,,2025-05-06T13:08:24.452Z,145723921597,"Stevens, Henderson and Brown"
145723921598,2025-05-06T11:56:30.718Z,2025-05-06T13:08:11.181Z,False,2025-05-06T11:56:30.718Z,,2025-05-06T13:08:11.181Z,145723921598,Stewart-Watkins
145723921599,2025-05-06T11:56:30.718Z,2025-05-06T13:08:10.980Z,False,2025-05-06T11:56:30.718Z,,2025-05-06T13:08:10.980Z,145723921599,"Calderon, Brown and Hernandez"
145723921600,2025-05-06T11:56:30.738Z,2025-05-12T09:51:01.722Z,False,2025-05-06T11:56:30.738Z,,2025-05-12T09:51:01.722Z,145723921600,Smith-Wright
145723921601,2025-05-06T11:56:30.742Z,2025-05-12T09:51:05.687Z,False,2025-05-06T11:56:30.742Z,,2025-05-12T09:51:05.687Z,145723921601,"Kramer, Turner and Mckinney"
145723921602,2025-05-06T11:56:30.772Z,2025-05-12T09:51:05.010Z,False,2025-05-06T11:56:30.772Z,,2025-05-12T09:51:05.010Z,145723921602,Daniels-Johnson
145723921603,2025-05-06T11:56:30.791Z,2025-05-12T09:51:02.194Z,False,2025-05-06T11:56:30.791Z,,2025-05-12T09:51:02.194Z,145723921603,Schmidt-Harris
145723921604,2025-05-06T11:56:30.792Z,2025-05-12T09:51:01.718Z,False,2025-05-06T11:56:30.792Z,,2025-05-12T09:51:01.718Z,145723921604,Berger-Watkins
149567786233,2025-05-14T14:11:04.383Z,2025-05-22T12:09:33.119Z,False,2025-05-14T14:11:04.383Z,www.getsignalctrl.com,2025-05-22T12:09:33.119Z,149567786233,SignalCTRL
150537499896,2025-05-14T10:31:49.993Z,2025-05-14T10:35:32.770Z,False,2025-05-14T10:31:49.993Z,getequiem.com,2025-05-14T10:35:32.770Z,150537499896,Equiem
156534935744,2025-05-19T19:02:02.919Z,2025-05-19T19:02:14.902Z,False,2025-05-19T19:02:02.919Z,tiny.vc,2025-05-19T19:02:14.902Z,156534935744,Tiny Supercomputer Investment Company
