id,createdAt,updatedAt,archived,properties.createdate,properties.email,properties.firstname,properties.hs_object_id,properties.lastmodifieddate,properties.lastname
271585531090,2025-04-26T10:11:40.204Z,2025-05-14T14:08:24.176Z,False,2025-04-26T10:11:40.204Z,bh@hubspot.com,Brian,271585531090,2025-05-14T14:08:24.176Z,Halligan (Sample Contact)
271637752006,2025-04-26T10:11:39.841Z,2025-05-14T14:08:24.176Z,False,2025-04-26T10:11:39.841Z,emailmaria@hubspot.com,Maria,271637752006,2025-05-14T14:08:24.176Z,Johnson (Sample Contact)
272110637250,2025-04-28T09:10:53.547Z,2025-05-20T14:15:03.079Z,False,2025-04-28T09:10:53.547Z,vincenzomigliore@hotmail.com,Test,272110637250,2025-05-20T14:15:03.079Z,Test
283306972383,2025-05-06T13:08:01.155Z,2025-05-14T14:08:24.176Z,False,2025-05-06T13:08:01.155Z,andrea.kelly@curtisgeorgeandsmith.com,Andrea,283306972383,2025-05-14T14:08:24.176Z,Kelly
283306972384,2025-05-06T13:08:01.190Z,2025-05-14T14:08:24.176Z,False,2025-05-06T13:08:01.190Z,nicholas.thompson@mendozaltd.com,Nicholas,283306972384,2025-05-14T14:08:24.176Z,Thompson
283306972385,2025-05-06T13:08:01.190Z,2025-05-14T14:08:24.176Z,False,2025-05-06T13:08:01.190Z,keith.richardson@lopeztrevinoandsantos.com,Keith,283306972385,2025-05-14T14:08:24.176Z,Richardson
283306972386,2025-05-06T13:08:01.221Z,2025-05-14T14:08:24.176Z,False,2025-05-06T13:08:01.221Z,beth.anderson@wiggins-coleman.com,Beth,283306972386,2025-05-14T14:08:24.176Z,Anderson
283306972387,2025-05-06T13:08:01.222Z,2025-05-14T14:08:24.176Z,False,2025-05-06T13:08:01.222Z,kirsten.oconnell@mathisandsons.com,Kirsten,283306972387,2025-05-14T14:08:24.176Z,Oconnell
283306972388,2025-05-06T13:08:01.360Z,2025-05-14T14:08:24.176Z,False,2025-05-06T13:08:01.360Z,michael.johnson@kramerturnerandmckinney.com,Michael,283306972388,2025-05-14T14:08:24.176Z,Johnson
283360955620,2025-05-06T13:08:01.149Z,2025-05-14T14:08:24.176Z,False,2025-05-06T13:08:01.149Z,judy.ross@armstrongltd.com,Judy,283360955620,2025-05-14T14:08:24.176Z,Ross
283360955621,2025-05-06T13:08:01.155Z,2025-05-14T14:08:24.176Z,False,2025-05-06T13:08:01.155Z,autumn.hooper@bendermilleranddunn.com,Autumn,283360955621,2025-05-14T14:08:24.176Z,Hooper
283360955622,2025-05-06T13:08:01.174Z,2025-05-14T14:08:24.176Z,False,2025-05-06T13:08:01.174Z,jared.ponce@weekskimandjones.com,Jared,283360955622,2025-05-14T14:08:24.176Z,Ponce
283360955623,2025-05-06T13:08:01.175Z,2025-05-14T14:08:24.176Z,False,2025-05-06T13:08:01.175Z,daniel.garcia@jones-may.com,Daniel,283360955623,2025-05-14T14:08:24.176Z,Garcia
283360955625,2025-05-06T13:08:01.191Z,2025-05-14T14:08:24.176Z,False,2025-05-06T13:08:01.191Z,alexandra.gardner@clark-combs.com,Alexandra,283360955625,2025-05-14T14:08:24.176Z,Gardner
283360955626,2025-05-06T13:08:01.193Z,2025-05-14T14:08:24.176Z,False,2025-05-06T13:08:01.193Z,sarah.dean@millerltd.com,Sarah,283360955626,2025-05-14T14:08:24.176Z,Dean
283360955627,2025-05-06T13:08:01.193Z,2025-05-14T14:08:24.176Z,False,2025-05-06T13:08:01.193Z,katie.smith@esparza-stevens.com,Katie,283360955627,2025-05-14T14:08:24.176Z,Smith
283360955628,2025-05-06T13:08:01.223Z,2025-05-14T14:08:24.176Z,False,2025-05-06T13:08:01.223Z,john.vasquez@barrettjacksonandfarmer.com,John,283360955628,2025-05-14T14:08:24.176Z,Vasquez
283360955629,2025-05-06T13:08:01.223Z,2025-05-14T14:08:24.176Z,False,2025-05-06T13:08:01.223Z,melinda.smith@fritz-reyes.com,Melinda,283360955629,2025-05-14T14:08:24.176Z,Smith
283360955630,2025-05-06T13:08:01.238Z,2025-05-14T14:08:24.176Z,False,2025-05-06T13:08:01.238Z,danielle.coffey@weberllc.com,Danielle,283360955630,2025-05-14T14:08:24.176Z,Coffey
283360955631,2025-05-06T13:08:01.295Z,2025-05-14T14:08:24.176Z,False,2025-05-06T13:08:01.295Z,james.mccarthy@kellysandersandrobertson.com,James,283360955631,2025-05-14T14:08:24.176Z,Mccarthy
283363462386,2025-05-06T13:08:01.172Z,2025-05-14T14:08:24.176Z,False,2025-05-06T13:08:01.172Z,brittany.jones@nelsonadamsandmyers.com,Brittany,283363462386,2025-05-14T14:08:24.176Z,Jones
283363462387,2025-05-06T13:08:01.190Z,2025-05-14T14:08:24.176Z,False,2025-05-06T13:08:01.190Z,brandon.nunez@edwardsmcfarlandandbecker.com,Brandon,283363462387,2025-05-14T14:08:24.176Z,Nunez
283363462388,2025-05-06T13:08:01.176Z,2025-05-14T14:08:24.176Z,False,2025-05-06T13:08:01.176Z,walter.castro@evansinc.com,Walter,283363462388,2025-05-14T14:08:24.176Z,Castro
283363462389,2025-05-06T13:08:01.174Z,2025-05-14T14:08:24.176Z,False,2025-05-06T13:08:01.174Z,william.larson@wolfe-smith.com,William,283363462389,2025-05-14T14:08:24.176Z,Larson
283363462390,2025-05-06T13:08:01.190Z,2025-05-14T14:08:24.176Z,False,2025-05-06T13:08:01.190Z,gregory.oliver@nolan-oneill.com,Gregory,283363462390,2025-05-14T14:08:24.176Z,Oliver
283363462391,2025-05-06T13:08:01.191Z,2025-05-14T14:08:24.176Z,False,2025-05-06T13:08:01.191Z,stacy.castro@daniels-johnson.com,Stacy,283363462391,2025-05-14T14:08:24.176Z,Castro
283363462392,2025-05-06T13:08:01.239Z,2025-05-14T14:08:24.176Z,False,2025-05-06T13:08:01.239Z,jeremy.zamora@simmonsbennettandcarter.com,Jeremy,283363462392,2025-05-14T14:08:24.176Z,Zamora
283364309231,2025-05-06T13:08:01.150Z,2025-05-14T14:08:24.176Z,False,2025-05-06T13:08:01.150Z,tony.guerrero@hallandsons.com,Tony,283364309231,2025-05-14T14:08:24.176Z,Guerrero
283364309232,2025-05-06T13:08:01.175Z,2025-05-14T14:08:24.176Z,False,2025-05-06T13:08:01.175Z,susan.rich@cranecaldwellandpierce.com,Susan,283364309232,2025-05-14T14:08:24.176Z,Rich
283364309233,2025-05-06T13:08:01.176Z,2025-05-14T14:08:24.176Z,False,2025-05-06T13:08:01.176Z,megan.stevens@deleonwhiteandcervantes.com,Megan,283364309233,2025-05-14T14:08:24.176Z,Stevens
283364309234,2025-05-06T13:08:01.191Z,2025-05-14T14:08:24.176Z,False,2025-05-06T13:08:01.191Z,wendy.archer@watsonharrellandthomas.com,Wendy,283364309234,2025-05-14T14:08:24.176Z,Archer
283364309235,2025-05-06T13:08:01.192Z,2025-05-14T14:08:24.176Z,False,2025-05-06T13:08:01.192Z,lindsey.wilson@milesgroup.com,Lindsey,283364309235,2025-05-14T14:08:24.176Z,Wilson
283364309236,2025-05-06T13:08:01.221Z,2025-05-14T14:08:24.176Z,False,2025-05-06T13:08:01.221Z,adam.carpenter@paynemurphyandelliott.com,Adam,283364309236,2025-05-14T14:08:24.176Z,Carpenter
283364309237,2025-05-06T13:08:01.282Z,2025-05-14T14:08:24.176Z,False,2025-05-06T13:08:01.282Z,andrea.rios@hopkinsconleyandpeterson.com,Andrea,283364309237,2025-05-14T14:08:24.176Z,Rios
283364309238,2025-05-06T13:08:01.296Z,2025-05-14T14:08:24.176Z,False,2025-05-06T13:08:01.296Z,alice.barr@rayplc.com,Alice,283364309238,2025-05-14T14:08:24.176Z,Barr
283364309239,2025-05-06T13:08:01.300Z,2025-05-14T14:08:24.176Z,False,2025-05-06T13:08:01.300Z,samantha.meyer@cunninghamenglishandmclaughlin.com,Samantha,283364309239,2025-05-14T14:08:24.176Z,Meyer
283365951723,2025-05-06T13:08:01.161Z,2025-05-14T14:08:24.176Z,False,2025-05-06T13:08:01.161Z,joseph.waters@tate-brown.com,Joseph,283365951723,2025-05-14T14:08:24.176Z,Waters
283365951724,2025-05-06T13:08:01.170Z,2025-05-14T14:08:24.176Z,False,2025-05-06T13:08:01.170Z,molly.james@garciabaileyandgreen.com,Molly,283365951724,2025-05-14T14:08:24.176Z,James
283365951725,2025-05-06T13:08:01.177Z,2025-05-14T14:08:24.176Z,False,2025-05-06T13:08:01.177Z,christopher.hernandez@schmidt-harris.com,Christopher,283365951725,2025-05-14T14:08:24.176Z,Hernandez
283365951726,2025-05-06T13:08:01.178Z,2025-05-14T14:08:24.176Z,False,2025-05-06T13:08:01.178Z,cynthia.roberts@wrightltd.com,Cynthia,283365951726,2025-05-14T14:08:24.176Z,Roberts
283365951727,2025-05-06T13:08:01.193Z,2025-05-14T14:08:24.176Z,False,2025-05-06T13:08:01.193Z,stacy.lloyd@thompson-graham.com,Stacy,283365951727,2025-05-14T14:08:24.176Z,Lloyd
283365951728,2025-05-06T13:08:01.218Z,2025-05-14T14:08:24.176Z,False,2025-05-06T13:08:01.218Z,kimberly.carroll@rogersinc.com,Kimberly,283365951728,2025-05-14T14:08:24.176Z,Carroll
283365953749,2025-05-06T13:08:01.282Z,2025-05-14T14:08:24.176Z,False,2025-05-06T13:08:01.282Z,david.gutierrez@crawford-michael.com,David,283365953749,2025-05-14T14:08:24.176Z,Gutierrez
283365953750,2025-05-06T13:08:01.283Z,2025-05-14T14:08:24.176Z,False,2025-05-06T13:08:01.283Z,katie.gould@danielsdunlapandhill.com,Katie,283365953750,2025-05-14T14:08:24.176Z,Gould
283365953751,2025-05-06T13:08:01.295Z,2025-05-14T14:08:24.176Z,False,2025-05-06T13:08:01.295Z,james.roy@klinedavisandwarner.com,James,283365953751,2025-05-14T14:08:24.176Z,Roy
283365953752,2025-05-06T13:08:01.296Z,2025-05-14T14:08:24.176Z,False,2025-05-06T13:08:01.296Z,paige.mcfarland@gonzalezinc.com,Paige,283365953752,2025-05-14T14:08:24.176Z,Mcfarland
283365953753,2025-05-06T13:08:01.298Z,2025-05-14T14:08:24.176Z,False,2025-05-06T13:08:01.298Z,jeffrey.ashley@baker-herrera.com,Jeffrey,283365953753,2025-05-14T14:08:24.176Z,Ashley
283365953757,2025-05-06T13:08:01.885Z,2025-05-14T14:08:24.176Z,False,2025-05-06T13:08:01.885Z,shawn.moreno@moralesrasmussenandburnett.com,Shawn,283365953757,2025-05-14T14:08:24.176Z,Moreno
283366845665,2025-05-06T13:08:01.160Z,2025-05-14T14:08:24.176Z,False,2025-05-06T13:08:01.160Z,monica.warner@rios-hernandez.com,Monica,283366845665,2025-05-14T14:08:24.176Z,Warner
283366845666,2025-05-06T13:08:01.160Z,2025-05-14T14:08:24.176Z,False,2025-05-06T13:08:01.160Z,denise.cole@miller-adams.com,Denise,283366845666,2025-05-14T14:08:24.176Z,Cole
283366845667,2025-05-06T13:08:01.190Z,2025-05-14T14:08:24.176Z,False,2025-05-06T13:08:01.190Z,richard.brewer@gilbertmejiaandallen.com,Richard,283366845667,2025-05-14T14:08:24.176Z,Brewer
283366845668,2025-05-06T13:08:01.191Z,2025-05-14T14:08:24.176Z,False,2025-05-06T13:08:01.191Z,kristi.wall@holmes-burgess.com,Kristi,283366845668,2025-05-14T14:08:24.176Z,Wall
283366845669,2025-05-06T13:08:01.191Z,2025-05-14T14:08:24.176Z,False,2025-05-06T13:08:01.191Z,lauren.baker@hugheswhiteandcampbell.com,Lauren,283366845669,2025-05-14T14:08:24.176Z,Baker
283366845670,2025-05-06T13:08:01.200Z,2025-05-14T14:08:24.176Z,False,2025-05-06T13:08:01.200Z,julian.rogers@osbornegarciaandgoodman.com,Julian,283366845670,2025-05-14T14:08:24.176Z,Rogers
283366845671,2025-05-06T13:08:01.238Z,2025-05-14T14:08:24.176Z,False,2025-05-06T13:08:01.238Z,james.sosa@leedavisandmartin.com,James,283366845671,2025-05-14T14:08:24.176Z,Sosa
283366845672,2025-05-06T13:08:01.246Z,2025-05-14T14:08:24.176Z,False,2025-05-06T13:08:01.246Z,james.jacobs@edwards-vance.com,James,283366845672,2025-05-14T14:08:24.176Z,Jacobs
283366845673,2025-05-06T13:08:01.247Z,2025-05-14T14:08:24.176Z,False,2025-05-06T13:08:01.247Z,tina.green@jonesllc.com,Tina,283366845673,2025-05-14T14:08:24.176Z,Green
283366845674,2025-05-06T13:08:01.360Z,2025-05-14T14:08:24.176Z,False,2025-05-06T13:08:01.360Z,james.knox@perez-griffith.com,James,283366845674,2025-05-14T14:08:24.176Z,Knox
283366845677,2025-05-06T13:08:01.816Z,2025-05-14T14:08:24.176Z,False,2025-05-06T13:08:01.816Z,rachel.nelson@mills-smith.com,Rachel,283366845677,2025-05-14T14:08:24.176Z,Nelson
283368782072,2025-05-06T13:08:01.148Z,2025-05-14T14:08:24.176Z,False,2025-05-06T13:08:01.148Z,julia.hawkins@christenseninc.com,Julia,283368782072,2025-05-14T14:08:24.176Z,Hawkins
283368782073,2025-05-06T13:08:01.156Z,2025-05-14T14:08:24.176Z,False,2025-05-06T13:08:01.156Z,rachel.stokes@martinezpattonanddominguez.com,Rachel,283368782073,2025-05-14T14:08:24.176Z,Stokes
283368783034,2025-05-06T13:08:01.171Z,2025-05-14T14:08:24.176Z,False,2025-05-06T13:08:01.171Z,anthony.anthony@piercemorganandbutler.com,Anthony,283368783034,2025-05-14T14:08:24.176Z,Anthony
283368783035,2025-05-06T13:08:01.174Z,2025-05-14T14:08:24.176Z,False,2025-05-06T13:08:01.174Z,christopher.dennis@lambinc.com,Christopher,283368783035,2025-05-14T14:08:24.176Z,Dennis
283368783036,2025-05-06T13:08:01.173Z,2025-05-14T14:08:24.176Z,False,2025-05-06T13:08:01.173Z,matthew.peterson@holmes-klein.com,Matthew,283368783036,2025-05-14T14:08:24.176Z,Peterson
283368783037,2025-05-06T13:08:01.179Z,2025-05-14T14:08:24.176Z,False,2025-05-06T13:08:01.179Z,robert.clarke@youngllc.com,Robert,283368783037,2025-05-14T14:08:24.176Z,Clarke
283368783038,2025-05-06T13:08:01.190Z,2025-05-14T14:08:24.176Z,False,2025-05-06T13:08:01.190Z,charles.martin@brownsavageandchandler.com,Charles,283368783038,2025-05-14T14:08:24.176Z,Martin
283368783039,2025-05-06T13:08:01.193Z,2025-05-14T14:08:24.176Z,False,2025-05-06T13:08:01.193Z,nicholas.flores@mossdeleonandharrington.com,Nicholas,283368783039,2025-05-14T14:08:24.176Z,Flores
283368783040,2025-05-06T13:08:01.295Z,2025-05-14T14:08:24.176Z,False,2025-05-06T13:08:01.295Z,loretta.pope@colemannandcalhoun.com,Loretta,283368783040,2025-05-14T14:08:24.176Z,Pope
283368783041,2025-05-06T13:08:01.312Z,2025-05-14T14:08:24.176Z,False,2025-05-06T13:08:01.312Z,douglas.king@mayer-guerrero.com,Douglas,283368783041,2025-05-14T14:08:24.176Z,King
283370474710,2025-05-06T13:08:01.149Z,2025-05-14T14:08:24.176Z,False,2025-05-06T13:08:01.149Z,sarah.davidson@flowersconleyandwalsh.com,Sarah,283370474710,2025-05-14T14:08:24.176Z,Davidson
283370474711,2025-05-06T13:08:01.176Z,2025-05-14T14:08:24.176Z,False,2025-05-06T13:08:01.176Z,joanna.simmons@murray-harrison.com,Joanna,283370474711,2025-05-14T14:08:24.176Z,Simmons
283370474712,2025-05-06T13:08:01.176Z,2025-05-14T14:08:24.176Z,False,2025-05-06T13:08:01.176Z,aaron.graves@smith-calderon.com,Aaron,283370474712,2025-05-14T14:08:24.176Z,Graves
283370474713,2025-05-06T13:08:01.191Z,2025-05-14T14:08:24.176Z,False,2025-05-06T13:08:01.191Z,christine.lawson@fieldsandsons.com,Christine,283370474713,2025-05-14T14:08:24.176Z,Lawson
283370474714,2025-05-06T13:08:01.218Z,2025-05-14T14:08:24.176Z,False,2025-05-06T13:08:01.218Z,jamie.jenkins@hamptonltd.com,Jamie,283370474714,2025-05-14T14:08:24.176Z,Jenkins
283370474715,2025-05-06T13:08:01.360Z,2025-05-14T14:08:24.176Z,False,2025-05-06T13:08:01.360Z,katherine.lucas@jamesmontgomeryandshelton.com,Katherine,283370474715,2025-05-14T14:08:24.176Z,Lucas
283371070689,2025-05-06T13:08:01.156Z,2025-05-14T14:08:24.176Z,False,2025-05-06T13:08:01.156Z,zachary.mejia@smithgibbsandmurray.com,Zachary,283371070689,2025-05-14T14:08:24.176Z,Mejia
283371070690,2025-05-06T13:08:01.175Z,2025-05-14T14:08:24.176Z,False,2025-05-06T13:08:01.175Z,brandon.mendez@stevenshendersonandbrown.com,Brandon,283371070690,2025-05-14T14:08:24.176Z,Mendez
283371070691,2025-05-06T13:08:01.177Z,2025-05-14T14:08:24.176Z,False,2025-05-06T13:08:01.177Z,ryan.nichols@davisgroup.com,Ryan,283371070691,2025-05-14T14:08:24.176Z,Nichols
283371070692,2025-05-06T13:08:01.190Z,2025-05-14T14:08:24.176Z,False,2025-05-06T13:08:01.190Z,jordan.reeves@washington-mccann.com,Jordan,283371070692,2025-05-14T14:08:24.176Z,Reeves
283371070693,2025-05-06T13:08:01.192Z,2025-05-14T14:08:24.176Z,False,2025-05-06T13:08:01.192Z,derrick.lewis@garcia-meyer.com,Derrick,283371070693,2025-05-14T14:08:24.176Z,Lewis
283371070694,2025-05-06T13:08:01.193Z,2025-05-14T14:08:24.176Z,False,2025-05-06T13:08:01.193Z,david.parrish@riggs-hoffman.com,David,283371070694,2025-05-14T14:08:24.176Z,Parrish
283371070695,2025-05-06T13:08:01.222Z,2025-05-14T14:08:24.176Z,False,2025-05-06T13:08:01.222Z,tiffany.smith@lopez-allen.com,Tiffany,283371070695,2025-05-14T14:08:24.176Z,Smith
283371070696,2025-05-06T13:08:01.239Z,2025-05-14T14:08:24.176Z,False,2025-05-06T13:08:01.239Z,michael.maxwell@fernandezltd.com,Michael,283371070696,2025-05-14T14:08:24.176Z,Maxwell
283371070697,2025-05-06T13:08:01.246Z,2025-05-14T14:08:24.176Z,False,2025-05-06T13:08:01.246Z,kenneth.carey@mcdonaldchambersandhampton.com,Kenneth,283371070697,2025-05-14T14:08:24.176Z,Carey
283371070698,2025-05-06T13:08:01.816Z,2025-05-14T14:08:24.176Z,False,2025-05-06T13:08:01.816Z,parker.brown@smithgarrettanddavis.com,Parker,283371070698,2025-05-14T14:08:24.176Z,Brown
283372639447,2025-05-06T13:08:01.156Z,2025-05-14T14:08:24.176Z,False,2025-05-06T13:08:01.156Z,monica.sparks@owensbernardandhamilton.com,Monica,283372639447,2025-05-14T14:08:24.176Z,Sparks
283372639448,2025-05-06T13:08:01.172Z,2025-05-14T14:08:24.176Z,False,2025-05-06T13:08:01.172Z,karen.lewis@wilsongroup.com,Karen,283372639448,2025-05-14T14:08:24.176Z,Lewis
283372639449,2025-05-06T13:08:01.173Z,2025-05-14T14:08:24.176Z,False,2025-05-06T13:08:01.173Z,donald.graham@bennettltd.com,Donald,283372639449,2025-05-14T14:08:24.176Z,Graham
283372639450,2025-05-06T13:08:01.190Z,2025-05-14T14:08:24.176Z,False,2025-05-06T13:08:01.190Z,sharon.long@lewisgroup.com,Sharon,283372639450,2025-05-14T14:08:24.176Z,Long
283372639451,2025-05-06T13:08:01.191Z,2025-05-14T14:08:24.176Z,False,2025-05-06T13:08:01.191Z,steven.hawkins@bryantandsons.com,Steven,283372639451,2025-05-14T14:08:24.176Z,Hawkins
283372639452,2025-05-06T13:08:01.194Z,2025-05-14T14:08:24.176Z,False,2025-05-06T13:08:01.194Z,james.dunn@rossinc.com,James,283372639452,2025-05-14T14:08:24.176Z,Dunn
283372639453,2025-05-06T13:08:01.220Z,2025-05-14T14:08:24.176Z,False,2025-05-06T13:08:01.220Z,rachael.wright@beasley-poole.com,Rachael,283372639453,2025-05-14T14:08:24.176Z,Wright
283372639454,2025-05-06T13:08:01.245Z,2025-05-14T14:08:24.176Z,False,2025-05-06T13:08:01.245Z,john.wagner@bullockgroup.com,John,283372639454,2025-05-14T14:08:24.176Z,Wagner
283378315510,2025-05-06T13:08:01.177Z,2025-05-14T14:08:24.176Z,False,2025-05-06T13:08:01.177Z,charles.rowe@josephtorresandturner.com,Charles,283378315510,2025-05-14T14:08:24.176Z,Rowe
283378315511,2025-05-06T13:08:01.194Z,2025-05-14T14:08:24.176Z,False,2025-05-06T13:08:01.194Z,michael.johnson@cunninghamandsons.com,Michael,283378315511,2025-05-14T14:08:24.176Z,Johnson
283378315512,2025-05-06T13:08:01.199Z,2025-05-14T14:08:24.176Z,False,2025-05-06T13:08:01.199Z,patrick.wood@hebertinc.com,Patrick,283378315512,2025-05-14T14:08:24.176Z,Wood
283378315513,2025-05-06T13:08:01.223Z,2025-05-14T14:08:24.176Z,False,2025-05-06T13:08:01.223Z,kristin.rodriguez@parkergrahamandduncan.com,Kristin,283378315513,2025-05-14T14:08:24.176Z,Rodriguez
283378316474,2025-05-06T13:08:01.246Z,2025-05-14T14:08:24.176Z,False,2025-05-06T13:08:01.246Z,amanda.jefferson@friedman-coleman.com,Amanda,283378316474,2025-05-14T14:08:24.176Z,Jefferson
283378316475,2025-05-06T13:08:01.283Z,2025-05-14T14:08:24.176Z,False,2025-05-06T13:08:01.283Z,brittany.rios@kempjohnsonandcunningham.com,Brittany,283378316475,2025-05-14T14:08:24.176Z,Rios
283378316476,2025-05-06T13:08:01.359Z,2025-05-14T14:08:24.176Z,False,2025-05-06T13:08:01.359Z,david.fowler@hillltd.com,David,283378316476,2025-05-14T14:08:24.176Z,Fowler
283379840248,2025-05-06T13:08:01.158Z,2025-05-14T14:08:24.176Z,False,2025-05-06T13:08:01.158Z,joan.malone@millersullivanandgarcia.com,Joan,283379840248,2025-05-14T14:08:24.176Z,Malone
283379840249,2025-05-06T13:08:01.159Z,2025-05-14T14:08:24.176Z,False,2025-05-06T13:08:01.159Z,jacqueline.gutierrez@chaney-jimenez.com,Jacqueline,283379840249,2025-05-14T14:08:24.176Z,Gutierrez
283379841210,2025-05-06T13:08:01.190Z,2025-05-14T14:08:24.176Z,False,2025-05-06T13:08:01.190Z,kimberly.fuller@hudson-sellers.com,Kimberly,283379841210,2025-05-14T14:08:24.176Z,Fuller
283379841211,2025-05-06T13:08:01.196Z,2025-05-14T14:08:24.176Z,False,2025-05-06T13:08:01.196Z,david.porter@torres-henderson.com,David,283379841211,2025-05-14T14:08:24.176Z,Porter
283379841212,2025-05-06T13:08:01.200Z,2025-05-14T14:08:24.176Z,False,2025-05-06T13:08:01.200Z,tracy.fletcher@salazar-james.com,Tracy,283379841212,2025-05-14T14:08:24.176Z,Fletcher
283379841213,2025-05-06T13:08:01.311Z,2025-05-14T14:08:24.176Z,False,2025-05-06T13:08:01.311Z,lisa.meyer@cooper-ortiz.com,Lisa,283379841213,2025-05-14T14:08:24.176Z,Meyer
283379841214,2025-05-06T13:08:01.357Z,2025-05-14T14:08:24.176Z,False,2025-05-06T13:08:01.357Z,jeremy.odonnell@grantvillarrealandhamilton.com,Jeremy,283379841214,2025-05-14T14:08:24.176Z,Odonnell
283379841215,2025-05-06T13:08:01.359Z,2025-05-14T14:08:24.176Z,False,2025-05-06T13:08:01.359Z,patricia.keith@jacksonpottsandfernandez.com,Patricia,283379841215,2025-05-14T14:08:24.176Z,Keith
283379841216,2025-05-06T13:08:01.449Z,2025-05-14T14:08:24.176Z,False,2025-05-06T13:08:01.449Z,anna.gonzalez@masonltd.com,Anna,283379841216,2025-05-14T14:08:24.176Z,Gonzalez
283379841218,2025-05-06T13:08:01.817Z,2025-05-14T14:08:24.176Z,False,2025-05-06T13:08:01.817Z,john.palmer@wardltd.com,John,283379841218,2025-05-14T14:08:24.176Z,Palmer
283379841219,2025-05-06T13:08:01.817Z,2025-05-14T14:08:24.176Z,False,2025-05-06T13:08:01.817Z,joshua.williams@stewart-watkins.com,Joshua,283379841219,2025-05-14T14:08:24.176Z,Williams
283382309108,2025-05-06T13:08:01.158Z,2025-05-14T14:08:24.176Z,False,2025-05-06T13:08:01.158Z,scott.molina@mooreandsons.com,Scott,283382309108,2025-05-14T14:08:24.176Z,Molina
283382309109,2025-05-06T13:08:01.174Z,2025-05-14T14:08:24.176Z,False,2025-05-06T13:08:01.174Z,jennifer.fletcher@whiteplc.com,Jennifer,283382309109,2025-05-14T14:08:24.176Z,Fletcher
283382309110,2025-05-06T13:08:01.191Z,2025-05-14T14:08:24.176Z,False,2025-05-06T13:08:01.191Z,toni.hart@mayandsons.com,Toni,283382309110,2025-05-14T14:08:24.176Z,Hart
283382309111,2025-05-06T13:08:01.235Z,2025-05-14T14:08:24.176Z,False,2025-05-06T13:08:01.235Z,krista.jimenez@blackburnbrownandwarren.com,Krista,283382309111,2025-05-14T14:08:24.176Z,Jimenez
283382309112,2025-05-06T13:08:01.245Z,2025-05-14T14:08:24.176Z,False,2025-05-06T13:08:01.245Z,wesley.sanchez@elliscoxandcook.com,Wesley,283382309112,2025-05-14T14:08:24.176Z,Sanchez
283382309113,2025-05-06T13:08:01.358Z,2025-05-14T14:08:24.176Z,False,2025-05-06T13:08:01.358Z,mikayla.lynch@sellersdavisandaguilar.com,Mikayla,283382309113,2025-05-14T14:08:24.176Z,Lynch
283397312720,2025-05-06T13:08:01.173Z,2025-05-14T14:08:24.176Z,False,2025-05-06T13:08:01.173Z,shannon.dunlap@bernardplc.com,Shannon,283397312720,2025-05-14T14:08:24.176Z,Dunlap
283397312721,2025-05-06T13:08:01.154Z,2025-05-14T14:08:24.176Z,False,2025-05-06T13:08:01.154Z,michael.young@calderonbrownandhernandez.com,Michael,283397312721,2025-05-14T14:08:24.176Z,Young
283397312722,2025-05-06T13:08:01.147Z,2025-05-14T14:08:24.176Z,False,2025-05-06T13:08:01.147Z,thomas.moore@edwardscarlsonandadams.com,Thomas,283397312722,2025-05-14T14:08:24.176Z,Moore
283397312723,2025-05-06T13:08:01.157Z,2025-05-14T14:08:24.176Z,False,2025-05-06T13:08:01.157Z,natalie.gonzalez@velezschwartzandmaldonado.com,Natalie,283397312723,2025-05-14T14:08:24.176Z,Gonzalez
283397312724,2025-05-06T13:08:01.154Z,2025-05-14T14:08:24.176Z,False,2025-05-06T13:08:01.154Z,robert.aguirre@hollowayltd.com,Robert,283397312724,2025-05-14T14:08:24.176Z,Aguirre
283397312725,2025-05-06T13:08:01.195Z,2025-05-14T14:08:24.176Z,False,2025-05-06T13:08:01.195Z,richard.murphy@mccartycoxandmueller.com,Richard,283397312725,2025-05-14T14:08:24.176Z,Murphy
283397312726,2025-05-06T13:08:01.219Z,2025-05-14T14:08:24.176Z,False,2025-05-06T13:08:01.219Z,kristy.thompson@hopkinsrussellandbolton.com,Kristy,283397312726,2025-05-14T14:08:24.176Z,Thompson
283397312727,2025-05-06T13:08:01.224Z,2025-05-14T14:08:24.176Z,False,2025-05-06T13:08:01.224Z,luis.simpson@wright-thomas.com,Luis,283397312727,2025-05-14T14:08:24.176Z,Simpson
283397312728,2025-05-06T13:08:01.238Z,2025-05-14T14:08:24.176Z,False,2025-05-06T13:08:01.238Z,rebecca.livingston@mendozarobersonandmoore.com,Rebecca,283397312728,2025-05-14T14:08:24.176Z,Livingston
283397312729,2025-05-06T13:08:01.246Z,2025-05-14T14:08:24.176Z,False,2025-05-06T13:08:01.246Z,eduardo.wilson@harmon-mcmillan.com,Eduardo,283397312729,2025-05-14T14:08:24.176Z,Wilson
283397312730,2025-05-06T13:08:01.246Z,2025-05-14T14:08:24.176Z,False,2025-05-06T13:08:01.246Z,ian.walker@roachllc.com,Ian,283397312730,2025-05-14T14:08:24.176Z,Walker
283397312731,2025-05-06T13:08:01.324Z,2025-05-14T14:08:24.176Z,False,2025-05-06T13:08:01.324Z,andrew.mosley@schultz-kirk.com,Andrew,283397312731,2025-05-14T14:08:24.176Z,Mosley
283409615071,2025-05-06T13:08:01.193Z,2025-05-14T14:08:24.176Z,False,2025-05-06T13:08:01.193Z,francisco.carter@gouldinc.com,Francisco,283409615071,2025-05-14T14:08:24.176Z,Carter
283409615073,2025-05-06T13:08:01.237Z,2025-05-14T14:08:24.176Z,False,2025-05-06T13:08:01.237Z,james.doyle@moore-patterson.com,James,283409615073,2025-05-14T14:08:24.176Z,Doyle
283409615074,2025-05-06T13:08:01.283Z,2025-05-14T14:08:24.176Z,False,2025-05-06T13:08:01.283Z,donna.walsh@pachecokempandnelson.com,Donna,283409615074,2025-05-14T14:08:24.176Z,Walsh
283409615075,2025-05-06T13:08:01.282Z,2025-05-14T14:08:24.176Z,False,2025-05-06T13:08:01.282Z,susan.burns@coxjimenezandroth.com,Susan,283409615075,2025-05-14T14:08:24.176Z,Burns
283409615076,2025-05-06T13:08:01.358Z,2025-05-14T14:08:24.176Z,False,2025-05-06T13:08:01.358Z,curtis.ponce@schroederltd.com,Curtis,283409615076,2025-05-14T14:08:24.176Z,Ponce
283409615077,2025-05-06T13:08:01.359Z,2025-05-14T14:08:24.176Z,False,2025-05-06T13:08:01.359Z,shane.wells@martin-green.com,Shane,283409615077,2025-05-14T14:08:24.176Z,Wells
283409615078,2025-05-06T13:08:01.818Z,2025-05-14T14:08:24.176Z,False,2025-05-06T13:08:01.818Z,stephanie.young@williamsduncanandwilliams.com,Stephanie,283409615078,2025-05-14T14:08:24.176Z,Young
283412273346,2025-05-06T13:08:01.156Z,2025-05-14T14:08:24.176Z,False,2025-05-06T13:08:01.156Z,kathleen.gutierrez@sandersadamsandpatterson.com,Kathleen,283412273346,2025-05-14T14:08:24.176Z,Gutierrez
283412273347,2025-05-06T13:08:01.156Z,2025-05-14T14:08:24.176Z,False,2025-05-06T13:08:01.156Z,benjamin.lowery@hamiltonriceandgaines.com,Benjamin,283412273347,2025-05-14T14:08:24.176Z,Lowery
283412273348,2025-05-06T13:08:01.170Z,2025-05-14T14:08:24.176Z,False,2025-05-06T13:08:01.170Z,scott.bryant@myersplc.com,Scott,283412273348,2025-05-14T14:08:24.176Z,Bryant
283412273349,2025-05-06T13:08:01.172Z,2025-05-14T14:08:24.176Z,False,2025-05-06T13:08:01.172Z,joshua.smith@lewis-lopez.com,Joshua,283412273349,2025-05-14T14:08:24.176Z,Smith
283412273350,2025-05-06T13:08:01.174Z,2025-05-14T14:08:24.176Z,False,2025-05-06T13:08:01.174Z,debra.jensen@andradeinc.com,Debra,283412273350,2025-05-14T14:08:24.176Z,Jensen
283412273351,2025-05-06T13:08:01.190Z,2025-05-14T14:08:24.176Z,False,2025-05-06T13:08:01.190Z,kimberly.francis@garcia-gutierrez.com,Kimberly,283412273351,2025-05-14T14:08:24.176Z,Francis
283412273352,2025-05-06T13:08:01.191Z,2025-05-14T14:08:24.176Z,False,2025-05-06T13:08:01.191Z,chelsea.tate@braunvelasquezandchang.com,Chelsea,283412273352,2025-05-14T14:08:24.176Z,Tate
283412273353,2025-05-06T13:08:01.236Z,2025-05-14T14:08:24.176Z,False,2025-05-06T13:08:01.236Z,michelle.moore@brown-davis.com,Michelle,283412273353,2025-05-14T14:08:24.176Z,Moore
283412273354,2025-05-06T13:08:01.315Z,2025-05-14T14:08:24.176Z,False,2025-05-06T13:08:01.315Z,kathleen.brown@holmesmorenoandelliott.com,Kathleen,283412273354,2025-05-14T14:08:24.176Z,Brown
283412273355,2025-05-06T13:08:01.358Z,2025-05-14T14:08:24.176Z,False,2025-05-06T13:08:01.358Z,donald.clements@garciaandsons.com,Donald,283412273355,2025-05-14T14:08:24.176Z,Clements
283412273356,2025-05-06T13:08:01.359Z,2025-05-14T14:08:24.176Z,False,2025-05-06T13:08:01.359Z,daniel.taylor@taylorltd.com,Daniel,283412273356,2025-05-14T14:08:24.176Z,Taylor
283414082800,2025-05-06T13:08:01.191Z,2025-05-14T14:08:24.176Z,False,2025-05-06T13:08:01.191Z,ryan.nelson@gomezmcphersonandwu.com,Ryan,283414082800,2025-05-14T14:08:24.176Z,Nelson
283414082801,2025-05-06T13:08:01.194Z,2025-05-14T14:08:24.176Z,False,2025-05-06T13:08:01.194Z,samantha.hood@vazquez-bradley.com,Samantha,283414082801,2025-05-14T14:08:24.176Z,Hood
283414082802,2025-05-06T13:08:01.196Z,2025-05-14T14:08:24.176Z,False,2025-05-06T13:08:01.196Z,trevor.poole@diazandsons.com,Trevor,283414082802,2025-05-14T14:08:24.176Z,Poole
283414082803,2025-05-06T13:08:01.194Z,2025-05-14T14:08:24.176Z,False,2025-05-06T13:08:01.194Z,jeffrey.hoffman@adamscruzanddavidson.com,Jeffrey,283414082803,2025-05-14T14:08:24.176Z,Hoffman
283414082804,2025-05-06T13:08:01.239Z,2025-05-14T14:08:24.176Z,False,2025-05-06T13:08:01.239Z,kiara.elliott@hernandezltd.com,Kiara,283414082804,2025-05-14T14:08:24.176Z,Elliott
283414082805,2025-05-06T13:08:01.283Z,2025-05-14T14:08:24.176Z,False,2025-05-06T13:08:01.283Z,daniel.campos@nicholsyoungandrivera.com,Daniel,283414082805,2025-05-14T14:08:24.176Z,Campos
283414082806,2025-05-06T13:08:01.358Z,2025-05-14T14:08:24.176Z,False,2025-05-06T13:08:01.358Z,billy.patterson@vincent-jackson.com,Billy,283414082806,2025-05-14T14:08:24.176Z,Patterson
283414082807,2025-05-06T13:08:01.359Z,2025-05-14T14:08:24.176Z,False,2025-05-06T13:08:01.359Z,tina.duffy@valdezvaldezandreyes.com,Tina,283414082807,2025-05-14T14:08:24.176Z,Duffy
283416409302,2025-05-06T13:08:01.224Z,2025-05-14T14:08:24.176Z,False,2025-05-06T13:08:01.224Z,jennifer.henderson@strickland-jones.com,Jennifer,283416409302,2025-05-14T14:08:24.176Z,Henderson
283416409303,2025-05-06T13:08:01.235Z,2025-05-14T14:08:24.176Z,False,2025-05-06T13:08:01.235Z,charles.ross@jamesandsons.com,Charles,283416409303,2025-05-14T14:08:24.176Z,Ross
283416409304,2025-05-06T13:08:01.245Z,2025-05-14T14:08:24.176Z,False,2025-05-06T13:08:01.245Z,mark.williamson@moorewilsonandstanley.com,Mark,283416409304,2025-05-14T14:08:24.176Z,Williamson
283416409305,2025-05-06T13:08:01.250Z,2025-05-14T14:08:24.176Z,False,2025-05-06T13:08:01.250Z,terry.king@thomasltd.com,Terry,283416409305,2025-05-14T14:08:24.176Z,King
283416409306,2025-05-06T13:08:01.283Z,2025-05-14T14:08:24.176Z,False,2025-05-06T13:08:01.283Z,david.andrews@hebertltd.com,David,283416409306,2025-05-14T14:08:24.176Z,Andrews
283416409307,2025-05-06T13:08:01.309Z,2025-05-14T14:08:24.176Z,False,2025-05-06T13:08:01.309Z,jason.nguyen@jarvis-zamora.com,Jason,283416409307,2025-05-14T14:08:24.176Z,Nguyen
283416409308,2025-05-06T13:08:01.359Z,2025-05-14T14:08:24.176Z,False,2025-05-06T13:08:01.359Z,jessica.cowan@colonwhiteandalvarez.com,Jessica,283416409308,2025-05-14T14:08:24.176Z,Cowan
283416409309,2025-05-06T13:08:01.359Z,2025-05-14T14:08:24.176Z,False,2025-05-06T13:08:01.359Z,ryan.aguilar@youngbakerandshaw.com,Ryan,283416409309,2025-05-14T14:08:24.176Z,Aguilar
283416951994,2025-05-06T13:08:01.157Z,2025-05-14T14:08:24.176Z,False,2025-05-06T13:08:01.157Z,crystal.bowers@bullock-johnson.com,Crystal,283416951994,2025-05-14T14:08:24.176Z,Bowers
283416951995,2025-05-06T13:08:01.154Z,2025-05-14T14:08:24.176Z,False,2025-05-06T13:08:01.154Z,gregory.orr@cook-cook.com,Gregory,283416951995,2025-05-14T14:08:24.176Z,Orr
283416951996,2025-05-06T13:08:01.172Z,2025-05-14T14:08:24.176Z,False,2025-05-06T13:08:01.172Z,daniel.finley@hernandezjacksonandgonzalez.com,Daniel,283416951996,2025-05-14T14:08:24.176Z,Finley
283416951997,2025-05-06T13:08:01.176Z,2025-05-14T14:08:24.176Z,False,2025-05-06T13:08:01.176Z,robert.higgins@williams-gonzalez.com,Robert,283416951997,2025-05-14T14:08:24.176Z,Higgins
283416951998,2025-05-06T13:08:01.176Z,2025-05-14T14:08:24.176Z,False,2025-05-06T13:08:01.176Z,brittany.phillips@gregorybarrettandparks.com,Brittany,283416951998,2025-05-14T14:08:24.176Z,Phillips
283416951999,2025-05-06T13:08:01.191Z,2025-05-14T14:08:24.176Z,False,2025-05-06T13:08:01.191Z,jessica.olson@loweryltd.com,Jessica,283416951999,2025-05-14T14:08:24.176Z,Olson
283416952000,2025-05-06T13:08:01.222Z,2025-05-14T14:08:24.176Z,False,2025-05-06T13:08:01.222Z,amy.phelps@huynhhamiltonandwong.com,Amy,283416952000,2025-05-14T14:08:24.176Z,Phelps
283416952001,2025-05-06T13:08:01.237Z,2025-05-14T14:08:24.176Z,False,2025-05-06T13:08:01.237Z,michael.lynch@wilcox-bates.com,Michael,283416952001,2025-05-14T14:08:24.176Z,Lynch
283416952002,2025-05-06T13:08:01.238Z,2025-05-14T14:08:24.176Z,False,2025-05-06T13:08:01.238Z,susan.murray@cruzhunterandoconnell.com,Susan,283416952002,2025-05-14T14:08:24.176Z,Murray
283416952003,2025-05-06T13:08:01.283Z,2025-05-14T14:08:24.176Z,False,2025-05-06T13:08:01.283Z,samuel.lopez@jordanjacksonandmcmahon.com,Samuel,283416952003,2025-05-14T14:08:24.176Z,Lopez
283416952004,2025-05-06T13:08:01.600Z,2025-05-14T14:08:24.176Z,False,2025-05-06T13:08:01.600Z,raymond.hill@williamshudsonandburton.com,Raymond,283416952004,2025-05-14T14:08:24.176Z,Hill
283416952008,2025-05-06T13:08:01.817Z,2025-05-14T14:08:24.176Z,False,2025-05-06T13:08:01.817Z,cindy.park@taylor-bridges.com,Cindy,283416952008,2025-05-14T14:08:24.176Z,Park
283418763470,2025-05-06T13:08:01.150Z,2025-05-14T14:08:24.176Z,False,2025-05-06T13:08:01.150Z,alison.garcia@clarkbutlerandcortez.com,Alison,283418763470,2025-05-14T14:08:24.176Z,Garcia
283418763471,2025-05-06T13:08:01.154Z,2025-05-14T14:08:24.176Z,False,2025-05-06T13:08:01.154Z,lisa.santiago@patterson-singh.com,Lisa,283418763471,2025-05-14T14:08:24.176Z,Santiago
283418763472,2025-05-06T13:08:01.173Z,2025-05-14T14:08:24.176Z,False,2025-05-06T13:08:01.173Z,roger.jones@wagnerjohnsonandshepherd.com,Roger,283418763472,2025-05-14T14:08:24.176Z,Jones
283418763473,2025-05-06T13:08:01.174Z,2025-05-14T14:08:24.176Z,False,2025-05-06T13:08:01.174Z,joshua.dixon@jonesllc.com,Joshua,283418763473,2025-05-14T14:08:24.176Z,Dixon
283418763474,2025-05-06T13:08:01.199Z,2025-05-14T14:08:24.176Z,False,2025-05-06T13:08:01.199Z,brooke.miller@davidsonltd.com,Brooke,283418763474,2025-05-14T14:08:24.176Z,Miller
283418763475,2025-05-06T13:08:01.246Z,2025-05-14T14:08:24.176Z,False,2025-05-06T13:08:01.246Z,melinda.fitzpatrick@smithphillipsandwiggins.com,Melinda,283418763475,2025-05-14T14:08:24.176Z,Fitzpatrick
283418763476,2025-05-06T13:08:01.359Z,2025-05-14T14:08:24.176Z,False,2025-05-06T13:08:01.359Z,joseph.romero@harveyplc.com,Joseph,283418763476,2025-05-14T14:08:24.176Z,Romero
283418763479,2025-05-06T13:08:01.817Z,2025-05-14T14:08:24.176Z,False,2025-05-06T13:08:01.817Z,teresa.lloyd@wilson-young.com,Teresa,283418763479,2025-05-14T14:08:24.176Z,Lloyd
283418763480,2025-05-06T13:08:01.818Z,2025-05-14T14:08:24.176Z,False,2025-05-06T13:08:01.818Z,jonathan.smith@morales-hart.com,Jonathan,283418763480,2025-05-14T14:08:24.176Z,Smith
283422950604,2025-05-06T13:08:01.176Z,2025-05-14T14:08:24.176Z,False,2025-05-06T13:08:01.176Z,jerry.king@morales-gibson.com,Jerry,283422950604,2025-05-14T14:08:24.176Z,King
283422950605,2025-05-06T13:08:01.174Z,2025-05-14T14:08:24.176Z,False,2025-05-06T13:08:01.174Z,billy.mitchell@ellis-gonzalez.com,Billy,283422950605,2025-05-14T14:08:24.176Z,Mitchell
283422950606,2025-05-06T13:08:01.190Z,2025-05-14T14:08:24.176Z,False,2025-05-06T13:08:01.190Z,stephanie.ray@graham-hernandez.com,Stephanie,283422950606,2025-05-14T14:08:24.176Z,Ray
283422950607,2025-05-06T13:08:01.191Z,2025-05-14T14:08:24.176Z,False,2025-05-06T13:08:01.191Z,brandon.miller@lopez-smith.com,Brandon,283422950607,2025-05-14T14:08:24.176Z,Miller
283422950608,2025-05-06T13:08:01.222Z,2025-05-14T14:08:24.176Z,False,2025-05-06T13:08:01.222Z,steven.patton@ramirezllc.com,Steven,283422950608,2025-05-14T14:08:24.176Z,Patton
283422950609,2025-05-06T13:08:01.224Z,2025-05-14T14:08:24.176Z,False,2025-05-06T13:08:01.224Z,nichole.moore@costa-robinson.com,Nichole,283422950609,2025-05-14T14:08:24.176Z,Moore
283422950610,2025-05-06T13:08:01.237Z,2025-05-14T14:08:24.176Z,False,2025-05-06T13:08:01.237Z,daniel.james@duncangroup.com,Daniel,283422950610,2025-05-14T14:08:24.176Z,James
283422950611,2025-05-06T13:08:01.245Z,2025-05-14T14:08:24.176Z,False,2025-05-06T13:08:01.245Z,eric.smith@harris-harris.com,Eric,283422950611,2025-05-14T14:08:24.176Z,Smith
283422950612,2025-05-06T13:08:01.356Z,2025-05-14T14:08:24.176Z,False,2025-05-06T13:08:01.356Z,mario.freeman@smith-wright.com,Mario,283422950612,2025-05-14T14:08:24.176Z,Freeman
283422950613,2025-05-06T13:08:01.358Z,2025-05-14T14:08:24.176Z,False,2025-05-06T13:08:01.358Z,ashley.wheeler@huangandsons.com,Ashley,283422950613,2025-05-14T14:08:24.176Z,Wheeler
283422950614,2025-05-06T13:08:01.360Z,2025-05-14T14:08:24.176Z,False,2025-05-06T13:08:01.360Z,kelly.berry@zhangduranandsmith.com,Kelly,283422950614,2025-05-14T14:08:24.176Z,Berry
283422950617,2025-05-06T13:08:01.815Z,2025-05-14T14:08:24.176Z,False,2025-05-06T13:08:01.815Z,sydney.smith@stonellc.com,Sydney,283422950617,2025-05-14T14:08:24.176Z,Smith
283428376788,2025-05-06T13:08:01.158Z,2025-05-14T14:08:24.176Z,False,2025-05-06T13:08:01.158Z,kristin.miller@hammondinc.com,Kristin,283428376788,2025-05-14T14:08:24.176Z,Miller
283428376789,2025-05-06T13:08:01.174Z,2025-05-14T14:08:24.176Z,False,2025-05-06T13:08:01.174Z,christine.smith@wilkinson-beck.com,Christine,283428376789,2025-05-14T14:08:24.176Z,Smith
283428376790,2025-05-06T13:08:01.218Z,2025-05-14T14:08:24.176Z,False,2025-05-06T13:08:01.218Z,david.murphy@vaughanplc.com,David,283428376790,2025-05-14T14:08:24.176Z,Murphy
283428376791,2025-05-06T13:08:01.218Z,2025-05-14T14:08:24.176Z,False,2025-05-06T13:08:01.218Z,lisa.rogers@blackwellsmithandcarson.com,Lisa,283428376791,2025-05-14T14:08:24.176Z,Rogers
283428376792,2025-05-06T13:08:01.222Z,2025-05-14T14:08:24.176Z,False,2025-05-06T13:08:01.222Z,christian.williams@landrygroup.com,Christian,283428376792,2025-05-14T14:08:24.176Z,Williams
283428376793,2025-05-06T13:08:01.244Z,2025-05-14T14:08:24.176Z,False,2025-05-06T13:08:01.244Z,paul.everett@berger-watkins.com,Paul,283428376793,2025-05-14T14:08:24.176Z,Everett
283428376796,2025-05-06T13:08:01.817Z,2025-05-14T14:08:24.176Z,False,2025-05-06T13:08:01.817Z,david.fields@poolethomasandfigueroa.com,David,283428376796,2025-05-14T14:08:24.176Z,Fields
292187861224,2025-05-14T10:31:50.967Z,2025-05-14T14:08:24.176Z,False,2025-05-14T10:31:50.967Z,ben.harris@getequiem.com,Ben,292187861224,2025-05-14T14:08:24.176Z,Harris
292490496247,2025-05-14T14:11:39.460Z,2025-05-22T12:09:26.918Z,False,2025-05-14T14:11:39.460Z,vincenzo@getsignalctrl.com,Vincenzo,292490496247,2025-05-22T12:09:26.918Z,Migliore
301155537094,2025-05-19T19:02:03.649Z,2025-05-19T19:02:11.308Z,False,2025-05-19T19:02:03.649Z,p@tiny.vc,Philipp,301155537094,2025-05-19T19:02:11.308Z,Moehring
