id,createdAt,updatedAt,archived,properties.amount,properties.closedate,properties.createdate,properties.dealname,properties.dealstage,properties.hs_lastmodifieddate,properties.hs_object_id,properties.pipeline
189331863792,2025-04-26T10:13:04.516Z,2025-05-12T09:50:29.108Z,False,1000.0,2024-01-03T09:37:11.118Z,2025-04-26T10:13:04.516Z,HubSpot - New Deal (Sample Deal),appointmentscheduled,2025-05-12T09:50:29.108Z,189331863792,default
199283585232,2025-06-23T04:00:00Z,2025-05-12T09:51:01.183Z,False,87215,2025-08-10T04:00:00Z,2025-06-23T04:00:00Z,"Hopkins, Russell and Bolton New Business 3210",presentationscheduled,2025-05-12T09:51:01.183Z,199283585232,default
199283585233,2025-04-24T04:00:00Z,2025-05-06T13:02:19.636Z,False,69092,2025-06-04T04:00:00Z,2025-04-24T04:00:00Z,Schroeder Ltd New Business 2078,appointmentscheduled,2025-05-06T13:02:19.636Z,199283585233,default
199283585234,2025-06-19T04:00:00Z,2025-05-12T09:51:00.476Z,False,84891,2025-07-15T04:00:00Z,2025-06-19T04:00:00Z,Hill Ltd New Business 379,closedwon,2025-05-12T09:51:00.476Z,199283585234,default
199283585235,2025-06-04T04:00:00Z,2025-05-12T09:51:02.544Z,False,86444,2025-07-22T04:00:00Z,2025-06-04T04:00:00Z,"Gomez, Mcpherson and Wu New Business 1270",closedwon,2025-05-12T09:51:02.544Z,199283585235,default
199283585236,2025-04-16T04:00:00Z,2025-05-12T09:51:00.642Z,False,102535,2025-06-01T04:00:00Z,2025-04-16T04:00:00Z,"Brown, Savage and Chandler New Business 4828",closedlost,2025-05-12T09:51:00.642Z,199283585236,default
199283585237,2025-04-12T04:00:00Z,2025-05-06T13:02:18.343Z,False,89491,2025-06-30T04:00:00Z,2025-04-12T04:00:00Z,Lamb Inc New Business 1033,closedlost,2025-05-06T13:02:18.343Z,199283585237,default
199285499113,2025-05-30T04:00:00Z,2025-05-06T13:02:20.026Z,False,61668,2025-07-24T04:00:00Z,2025-05-30T04:00:00Z,"Poole, Thomas and Figueroa New Business 1734",decisionmakerboughtin,2025-05-06T13:02:20.026Z,199285499113,default
199285499114,2025-06-27T04:00:00Z,2025-05-12T09:50:59.501Z,False,69307,2025-08-12T04:00:00Z,2025-06-27T04:00:00Z,Harvey PLC New Business 498,qualifiedtobuy,2025-05-12T09:50:59.501Z,199285499114,default
199285499115,2025-04-08T04:00:00Z,2025-05-06T13:02:19.362Z,False,80078,2025-05-23T04:00:00Z,2025-04-08T04:00:00Z,Myers PLC New Business 457,closedlost,2025-05-06T13:02:19.362Z,199285499115,default
199285499116,2025-04-27T04:00:00Z,2025-05-12T09:51:00.480Z,False,82727,2025-06-14T04:00:00Z,2025-04-27T04:00:00Z,"Hughes, White and Campbell New Business 337",appointmentscheduled,2025-05-12T09:51:00.480Z,199285499116,default
199285499118,2025-06-18T04:00:00Z,2025-05-06T13:03:33.613Z,False,74963,2025-08-27T04:00:00Z,2025-06-18T04:00:00Z,"Stevens, Henderson and Brown New Business 1254",qualifiedtobuy,2025-05-06T13:03:33.613Z,199285499118,default
199285499119,2025-05-31T04:00:00Z,2025-05-06T13:02:20.485Z,False,104674,2025-07-11T04:00:00Z,2025-05-31T04:00:00Z,"Moore, Wilson and Stanley New Business 223",appointmentscheduled,2025-05-06T13:02:20.485Z,199285499119,default
199285499120,2025-04-03T04:00:00Z,2025-05-06T13:02:18.401Z,False,68551,2025-04-20T04:00:00Z,2025-04-03T04:00:00Z,Stone LLC New Business 306,presentationscheduled,2025-05-06T13:02:18.401Z,199285499120,default
199285499121,2025-04-03T04:00:00Z,2025-05-06T13:02:20.428Z,False,85064,2025-05-11T04:00:00Z,2025-04-03T04:00:00Z,Riggs-Hoffman New Business 4226,presentationscheduled,2025-05-06T13:02:20.428Z,199285499121,default
199285499122,2025-06-10T04:00:00Z,2025-05-12T09:51:01.176Z,False,67093,2025-07-19T04:00:00Z,2025-06-10T04:00:00Z,"Cruz, Hunter and Oconnell New Business 2423",closedlost,2025-05-12T09:51:01.176Z,199285499122,default
199285499123,2025-04-19T04:00:00Z,2025-05-12T09:50:59.378Z,False,54613,2025-06-25T04:00:00Z,2025-04-19T04:00:00Z,Huang and Sons New Business 358,closedlost,2025-05-12T09:50:59.378Z,199285499123,default
199285499124,2025-06-20T04:00:00Z,2025-05-06T13:02:18.483Z,False,84073,2025-07-15T04:00:00Z,2025-06-20T04:00:00Z,Schmidt-Harris Expansion 248,closedwon,2025-05-06T13:02:18.483Z,199285499124,default
199285499126,2025-05-23T04:00:00Z,2025-05-12T09:50:59.491Z,False,65759,2025-08-15T04:00:00Z,2025-05-23T04:00:00Z,Jones LLC New Business 498,closedlost,2025-05-12T09:50:59.491Z,199285499126,default
199286375671,2025-04-02T04:00:00Z,2025-05-12T09:51:00.480Z,False,102846,2025-05-25T04:00:00Z,2025-04-02T04:00:00Z,"Jackson, Potts and Fernandez New Business 3706",closedwon,2025-05-12T09:51:00.480Z,199286375671,default
199286375672,2025-06-10T04:00:00Z,2025-05-12T09:51:01.187Z,False,73109,2025-07-12T04:00:00Z,2025-06-10T04:00:00Z,"Grant, Villarreal and Hamilton Expansion 652",closedlost,2025-05-12T09:51:01.187Z,199286375672,default
199286375673,2025-04-13T04:00:00Z,2025-05-06T13:02:20.026Z,False,88648,2025-06-01T04:00:00Z,2025-04-13T04:00:00Z,Lowery Ltd New Business 892,decisionmakerboughtin,2025-05-06T13:02:20.026Z,199286375673,default
199286376634,2025-05-15T04:00:00Z,2025-05-12T09:51:02.544Z,False,97239,2025-06-18T04:00:00Z,2025-05-15T04:00:00Z,Crawford-Michael Renewal 4332,closedwon,2025-05-12T09:51:02.544Z,199286376634,default
199287280834,2025-06-02T04:00:00Z,2025-05-06T13:02:20.026Z,False,78394,2025-07-01T04:00:00Z,2025-06-02T04:00:00Z,Lewis Group New Business 1809,closedlost,2025-05-06T13:02:20.026Z,199287280834,default
199287280835,2025-04-30T04:00:00Z,2025-05-12T09:51:01.417Z,False,80727,2025-06-01T04:00:00Z,2025-04-30T04:00:00Z,"Curtis, George and Smith New Business 3887",appointmentscheduled,2025-05-12T09:51:01.417Z,199287280835,default
199287280836,2025-04-11T04:00:00Z,2025-05-06T13:02:21.412Z,False,73335,2025-05-31T04:00:00Z,2025-04-11T04:00:00Z,"Zhang, Duran and Smith New Business 1870",closedlost,2025-05-06T13:02:21.412Z,199287280836,default
199287280837,2025-06-25T04:00:00Z,2025-05-12T09:51:01.187Z,False,92508,2025-08-15T04:00:00Z,2025-06-25T04:00:00Z,Baker-Herrera New Business 3209,closedlost,2025-05-12T09:51:01.187Z,199287280837,default
199287280838,2025-04-20T04:00:00Z,2025-05-06T13:02:19.586Z,False,70627,2025-06-04T04:00:00Z,2025-04-20T04:00:00Z,Landry Group New Business 938,closedwon,2025-05-06T13:02:19.586Z,199287280838,default
199287280839,2025-04-12T04:00:00Z,2025-05-06T13:02:19.915Z,False,70060,2025-06-04T04:00:00Z,2025-04-12T04:00:00Z,"Mendoza, Roberson and Moore Renewal 961",closedwon,2025-05-06T13:02:19.915Z,199287280839,default
199287280840,2025-04-08T04:00:00Z,2025-05-12T09:51:02.784Z,False,84903,2025-05-19T04:00:00Z,2025-04-08T04:00:00Z,"Blackburn, Brown and Warren New Business 4404",closedlost,2025-05-12T09:51:02.784Z,199287280840,default
199287280841,2025-06-17T04:00:00Z,2025-05-06T13:02:18.452Z,False,90664,2025-08-07T04:00:00Z,2025-06-17T04:00:00Z,Young LLC Renewal 4618,closedwon,2025-05-06T13:02:18.452Z,199287280841,default
199287280842,2025-04-21T04:00:00Z,2025-05-06T13:02:19.216Z,False,83534,2025-06-16T04:00:00Z,2025-04-21T04:00:00Z,Morales-Gibson New Business 794,closedwon,2025-05-06T13:02:19.216Z,199287280842,default
199288057037,2025-05-03T04:00:00Z,2025-05-06T13:02:18.363Z,False,97689,2025-06-18T04:00:00Z,2025-05-03T04:00:00Z,"Morales, Rasmussen and Burnett New Business 1744",closedlost,2025-05-06T13:02:18.363Z,199288057037,default
199288057038,2025-05-28T04:00:00Z,2025-05-06T13:02:19.482Z,False,84346,2025-08-12T04:00:00Z,2025-05-28T04:00:00Z,Lopez-Allen Renewal 676,closedwon,2025-05-06T13:02:19.482Z,199288057038,default
199288057039,2025-04-29T04:00:00Z,2025-05-06T13:02:18.363Z,False,57272,2025-07-03T04:00:00Z,2025-04-29T04:00:00Z,Martin-Green New Business 4309,closedlost,2025-05-06T13:02:18.363Z,199288057039,default
199288057040,2025-06-24T04:00:00Z,2025-05-06T13:02:19.362Z,False,72159,2025-08-23T04:00:00Z,2025-06-24T04:00:00Z,"Mcdonald, Chambers and Hampton New Business 350",closedwon,2025-05-06T13:02:19.362Z,199288057040,default
199288057041,2025-04-15T04:00:00Z,2025-05-12T09:50:59.501Z,False,78315,2025-05-26T04:00:00Z,2025-04-15T04:00:00Z,"James, Montgomery and Shelton Renewal 612",closedwon,2025-05-12T09:50:59.501Z,199288057041,default
199290357976,2025-05-15T04:00:00Z,2025-05-06T13:02:21.002Z,False,57821,2025-07-16T04:00:00Z,2025-05-15T04:00:00Z,Lopez-Smith Expansion 661,decisionmakerboughtin,2025-05-06T13:02:21.002Z,199290357976,default
199290357977,2025-05-29T04:00:00Z,2025-05-06T13:02:20.026Z,False,82665,2025-06-22T04:00:00Z,2025-05-29T04:00:00Z,"Weeks, Kim and Jones New Business 413",closedwon,2025-05-06T13:02:20.026Z,199290357977,default
199290357978,2025-04-04T04:00:00Z,2025-05-06T13:02:18.365Z,False,78883,2025-05-28T04:00:00Z,2025-04-04T04:00:00Z,Williams-Gonzalez Renewal 392,presentationscheduled,2025-05-06T13:02:18.365Z,199290357978,default
199290357979,2025-05-11T04:00:00Z,2025-05-12T09:51:02.354Z,False,85702,2025-07-04T04:00:00Z,2025-05-11T04:00:00Z,Diaz and Sons New Business 4710,closedlost,2025-05-12T09:51:02.354Z,199290357979,default
199290357980,2025-06-10T04:00:00Z,2025-05-12T09:51:02.543Z,False,97516,2025-07-28T04:00:00Z,2025-06-10T04:00:00Z,Beasley-Poole New Business 866,closedlost,2025-05-12T09:51:02.543Z,199290357980,default
199290357981,2025-06-17T04:00:00Z,2025-05-06T13:03:44.405Z,False,94035,2025-08-20T04:00:00Z,2025-06-17T04:00:00Z,Miles Group New Business 312,qualifiedtobuy,2025-05-06T13:03:44.405Z,199290357981,default
199290357982,2025-05-17T04:00:00Z,2025-05-12T09:51:00.480Z,False,64441,2025-06-28T04:00:00Z,2025-05-17T04:00:00Z,Cooper-Ortiz New Business 474,closedwon,2025-05-12T09:51:00.480Z,199290357982,default
199290357983,2025-05-05T04:00:00Z,2025-05-12T09:51:02.800Z,False,103897,2025-06-11T04:00:00Z,2025-05-05T04:00:00Z,"Daniels, Dunlap and Hill New Business 4075",presentationscheduled,2025-05-12T09:51:02.800Z,199290357983,default
199290357984,2025-04-13T04:00:00Z,2025-05-12T09:51:00.476Z,False,118401,2025-05-26T04:00:00Z,2025-04-13T04:00:00Z,"Kline, Davis and Warner New Business 2796",appointmentscheduled,2025-05-12T09:51:00.476Z,199290357984,default
199290357985,2025-06-07T04:00:00Z,2025-05-06T13:02:20.428Z,False,42925,2025-07-10T04:00:00Z,2025-06-07T04:00:00Z,May and Sons New Business 1861,appointmentscheduled,2025-05-06T13:02:20.428Z,199290357985,default
199290357986,2025-05-13T04:00:00Z,2025-05-06T13:02:20.026Z,False,94074,2025-06-19T04:00:00Z,2025-05-13T04:00:00Z,Thomas Ltd New Business 333,closedwon,2025-05-06T13:02:20.026Z,199290357986,default
199290357987,2025-06-07T04:00:00Z,2025-05-12T09:51:00.476Z,False,89327,2025-06-28T04:00:00Z,2025-06-07T04:00:00Z,Davis Group New Business 4981,closedlost,2025-05-12T09:51:00.476Z,199290357987,default
199290357988,2025-05-06T04:00:00Z,2025-05-06T13:02:20.205Z,False,83840,2025-07-04T04:00:00Z,2025-05-06T04:00:00Z,Mayer-Guerrero New Business 288,presentationscheduled,2025-05-06T13:02:20.205Z,199290357988,default
199290357989,2025-05-14T04:00:00Z,2025-05-06T13:02:20.191Z,False,91354,2025-06-14T04:00:00Z,2025-05-14T04:00:00Z,"Young, Baker and Shaw New Business 1560",closedlost,2025-05-06T13:02:20.191Z,199290357989,default
199292526826,2025-04-03T04:00:00Z,2025-05-12T09:51:01.763Z,False,71365,2025-05-19T04:00:00Z,2025-04-03T04:00:00Z,"Holmes, Moreno and Elliott New Business 1266",closedlost,2025-05-12T09:51:01.763Z,199292526826,default
199292526827,2025-04-25T04:00:00Z,2025-05-06T13:02:20.428Z,False,78081,2025-05-25T04:00:00Z,2025-04-25T04:00:00Z,Smith-Calderon New Business 1474,closedlost,2025-05-06T13:02:20.428Z,199292526827,default
199292526828,2025-05-13T04:00:00Z,2025-05-12T09:50:59.012Z,False,69504,2025-06-30T04:00:00Z,2025-05-13T04:00:00Z,"Bender, Miller and Dunn New Business 438",closedlost,2025-05-12T09:50:59.012Z,199292526828,default
199292526829,2025-05-12T04:00:00Z,2025-05-12T09:50:59.857Z,False,87184,2025-07-01T04:00:00Z,2025-05-12T04:00:00Z,Davidson Ltd Renewal 269,contractsent,2025-05-12T09:50:59.857Z,199292526829,default
199292526830,2025-05-13T04:00:00Z,2025-05-12T09:50:59.857Z,False,65361,2025-07-12T04:00:00Z,2025-05-13T04:00:00Z,"Colon, White and Alvarez New Business 4705",closedwon,2025-05-12T09:50:59.857Z,199292526830,default
199292526831,2025-06-02T04:00:00Z,2025-05-12T09:51:04.397Z,False,56988,2025-08-05T04:00:00Z,2025-06-02T04:00:00Z,Friedman-Coleman Renewal 348,closedwon,2025-05-12T09:51:04.397Z,199292526831,default
199293709523,2025-04-30T04:00:00Z,2025-05-12T09:50:59.501Z,False,49428,2025-05-29T04:00:00Z,2025-04-30T04:00:00Z,Edwards-Vance New Business 669,appointmentscheduled,2025-05-12T09:50:59.501Z,199293709523,default
199293709524,2025-06-22T04:00:00Z,2025-05-12T09:51:01.689Z,False,95563,2025-07-29T04:00:00Z,2025-06-22T04:00:00Z,Jones LLC New Business 4004,closedlost,2025-05-12T09:51:01.689Z,199293709524,default
199293709525,2025-05-05T04:00:00Z,2025-05-06T13:02:19.636Z,False,93892,2025-07-17T04:00:00Z,2025-05-05T04:00:00Z,"Williams, Duncan and Williams Expansion 445",closedlost,2025-05-06T13:02:19.636Z,199293709525,default
199293709526,2025-04-06T04:00:00Z,2025-05-06T13:02:19.876Z,False,60432,2025-05-31T04:00:00Z,2025-04-06T04:00:00Z,"Pierce, Morgan and Butler New Business 1955",closedwon,2025-05-06T13:02:19.876Z,199293709526,default
199293709527,2025-06-02T04:00:00Z,2025-05-06T13:02:20.839Z,False,72042,2025-07-08T04:00:00Z,2025-06-02T04:00:00Z,Rogers Inc Expansion 231,closedlost,2025-05-06T13:02:20.839Z,199293709527,default
199293709528,2025-05-31T04:00:00Z,2025-05-06T13:02:18.259Z,False,85916,2025-07-08T04:00:00Z,2025-05-31T04:00:00Z,Mendoza Ltd New Business 761,closedlost,2025-05-06T13:02:18.259Z,199293709528,default
199293709529,2025-04-03T04:00:00Z,2025-05-12T09:51:01.689Z,False,85567,2025-05-08T04:00:00Z,2025-04-03T04:00:00Z,"Joseph, Torres and Turner New Business 3495",closedlost,2025-05-12T09:51:01.689Z,199293709529,default
199293709530,2025-04-30T04:00:00Z,2025-05-06T13:02:20.205Z,False,93860,2025-06-11T04:00:00Z,2025-04-30T04:00:00Z,Lewis-Lopez New Business 3551,closedlost,2025-05-06T13:02:20.205Z,199293709530,default
199293709531,2025-06-20T04:00:00Z,2025-05-12T09:51:02.343Z,False,75951,2025-07-20T04:00:00Z,2025-06-20T04:00:00Z,Harmon-Mcmillan Renewal 1711,closedlost,2025-05-12T09:51:02.343Z,199293709531,default
199293709532,2025-04-21T04:00:00Z,2025-05-06T13:02:19.153Z,False,79059,2025-06-19T04:00:00Z,2025-04-21T04:00:00Z,Wilson Group New Business 773,appointmentscheduled,2025-05-06T13:02:19.153Z,199293709532,default
199295108286,2025-04-16T04:00:00Z,2025-05-12T09:51:01.687Z,False,87513,2025-05-16T04:00:00Z,2025-04-16T04:00:00Z,Bullock Group New Business 623,closedlost,2025-05-12T09:51:01.687Z,199295108286,default
199295108287,2025-06-22T04:00:00Z,2025-05-12T09:51:02.343Z,False,48988,2025-08-04T04:00:00Z,2025-06-22T04:00:00Z,Hudson-Sellers New Business 648,qualifiedtobuy,2025-05-12T09:51:02.343Z,199295108287,default
199295108288,2025-06-15T04:00:00Z,2025-05-06T13:02:19.586Z,False,82937,2025-07-15T04:00:00Z,2025-06-15T04:00:00Z,"Martinez, Patton and Dominguez Expansion 3100",closedlost,2025-05-06T13:02:19.586Z,199295108288,default
199295108289,2025-05-17T04:00:00Z,2025-05-06T13:02:18.363Z,False,66865,2025-06-10T04:00:00Z,2025-05-17T04:00:00Z,Wilson-Young New Business 911,appointmentscheduled,2025-05-06T13:02:18.363Z,199295108289,default
199295108290,2025-05-29T04:00:00Z,2025-05-06T13:02:19.362Z,False,103267,2025-07-14T04:00:00Z,2025-05-29T04:00:00Z,Salazar-James New Business 225,closedlost,2025-05-06T13:02:19.362Z,199295108290,default
199295108291,2025-05-25T04:00:00Z,2025-05-12T09:51:00.003Z,False,80208,2025-07-08T04:00:00Z,2025-05-25T04:00:00Z,Hernandez Ltd New Business 554,closedlost,2025-05-12T09:51:00.003Z,199295108291,default
199295108292,2025-05-13T04:00:00Z,2025-05-12T09:51:02.343Z,False,81298,2025-06-24T04:00:00Z,2025-05-13T04:00:00Z,Ellis-Gonzalez New Business 724,appointmentscheduled,2025-05-12T09:51:02.343Z,199295108292,default
199295108293,2025-05-06T04:00:00Z,2025-05-06T13:02:18.259Z,False,85077,2025-06-13T04:00:00Z,2025-05-06T04:00:00Z,Tate-Brown New Business 3675,closedlost,2025-05-06T13:02:18.259Z,199295108293,default
199295108294,2025-06-12T04:00:00Z,2025-05-06T13:03:54.109Z,False,89578,2025-07-02T04:00:00Z,2025-06-12T04:00:00Z,"Parker, Graham and Duncan New Business 2934",qualifiedtobuy,2025-05-06T13:03:54.109Z,199295108294,default
199295108295,2025-05-24T04:00:00Z,2025-05-12T09:51:01.689Z,False,104429,2025-06-17T04:00:00Z,2025-05-24T04:00:00Z,Christensen Inc New Business 1678,closedlost,2025-05-12T09:51:01.689Z,199295108295,default
199295108296,2025-06-06T04:00:00Z,2025-05-12T09:51:02.785Z,False,67124,2025-07-31T04:00:00Z,2025-06-06T04:00:00Z,"Cox, Jimenez and Roth Expansion 1742",decisionmakerboughtin,2025-05-12T09:51:02.785Z,199295108296,default
199295108297,2025-04-18T04:00:00Z,2025-05-06T13:02:19.482Z,False,54449,2025-06-01T04:00:00Z,2025-04-18T04:00:00Z,Wolfe-Smith New Business 1624,appointmentscheduled,2025-05-06T13:02:19.482Z,199295108297,default
199295108298,2025-04-03T04:00:00Z,2025-05-06T13:02:19.636Z,False,110911,2025-06-13T04:00:00Z,2025-04-03T04:00:00Z,"Sellers, Davis and Aguilar New Business 1075",closedlost,2025-05-06T13:02:19.636Z,199295108298,default
199295108299,2025-06-15T04:00:00Z,2025-05-06T13:02:20.485Z,False,70827,2025-07-08T04:00:00Z,2025-06-15T04:00:00Z,Vaughan PLC New Business 1574,closedlost,2025-05-06T13:02:20.485Z,199295108299,default
199296351449,2025-04-15T04:00:00Z,2025-05-06T13:02:20.285Z,False,48771,2025-06-24T04:00:00Z,2025-04-15T04:00:00Z,"Smith, Phillips and Wiggins New Business 2358",closedlost,2025-05-06T13:02:20.285Z,199296351449,default
199296351451,2025-04-12T04:00:00Z,2025-05-06T13:02:19.086Z,False,76106,2025-05-04T04:00:00Z,2025-04-12T04:00:00Z,Thompson-Graham New Business 911,closedwon,2025-05-06T13:02:19.086Z,199296351451,default
199296351452,2025-06-08T04:00:00Z,2025-05-06T13:02:20.262Z,False,89486,2025-08-06T04:00:00Z,2025-06-08T04:00:00Z,"Pacheco, Kemp and Nelson New Business 1319",closedlost,2025-05-06T13:02:20.262Z,199296351452,default
199296351453,2025-06-13T04:00:00Z,2025-05-06T13:03:53.925Z,False,116686,2025-07-29T04:00:00Z,2025-06-13T04:00:00Z,Mason Ltd New Business 885,qualifiedtobuy,2025-05-06T13:03:53.925Z,199296351453,default
199296351454,2025-06-26T04:00:00Z,2025-05-12T09:50:59.858Z,False,71826,2025-08-15T04:00:00Z,2025-06-26T04:00:00Z,"Hamilton, Rice and Gaines Renewal 689",closedwon,2025-05-12T09:50:59.858Z,199296351454,default
199296351455,2025-05-13T04:00:00Z,2025-05-06T13:02:19.040Z,False,81160,2025-06-14T04:00:00Z,2025-05-13T04:00:00Z,Ward Ltd New Business 2753,closedlost,2025-05-06T13:02:19.040Z,199296351455,default
199296351456,2025-05-25T04:00:00Z,2025-05-12T09:51:00.728Z,False,84617,2025-06-13T04:00:00Z,2025-05-25T04:00:00Z,Duncan Group New Business 913,closedwon,2025-05-12T09:51:00.728Z,199296351456,default
199296351457,2025-06-18T04:00:00Z,2025-05-12T09:51:03.533Z,False,105307,2025-08-15T04:00:00Z,2025-06-18T04:00:00Z,Garcia-Meyer New Business 711,closedwon,2025-05-12T09:51:03.533Z,199296351457,default
199296351458,2025-04-05T04:00:00Z,2025-05-06T13:02:18.838Z,False,71348,2025-05-31T04:00:00Z,2025-04-05T04:00:00Z,Mills-Smith New Business 2048,appointmentscheduled,2025-05-06T13:02:18.838Z,199296351458,default
199296351459,2025-04-14T04:00:00Z,2025-05-12T09:50:59.491Z,False,95094,2025-05-20T04:00:00Z,2025-04-14T04:00:00Z,Jarvis-Zamora New Business 3588,appointmentscheduled,2025-05-12T09:50:59.491Z,199296351459,default
199296351460,2025-05-16T04:00:00Z,2025-05-12T09:51:02.343Z,False,70595,2025-07-27T04:00:00Z,2025-05-16T04:00:00Z,Cook-Cook New Business 4594,closedlost,2025-05-12T09:51:02.343Z,199296351460,default
199296351461,2025-05-21T04:00:00Z,2025-05-06T13:02:20.799Z,False,70301,2025-06-18T04:00:00Z,2025-05-21T04:00:00Z,Weber LLC Expansion 757,presentationscheduled,2025-05-06T13:02:20.799Z,199296351461,default
199296351462,2025-04-14T04:00:00Z,2025-05-12T09:50:59.491Z,False,83165,2025-05-27T04:00:00Z,2025-04-14T04:00:00Z,Hebert Inc New Business 1083,closedwon,2025-05-12T09:50:59.491Z,199296351462,default
199296351463,2025-04-28T04:00:00Z,2025-05-12T09:51:00.476Z,False,92441,2025-05-13T04:00:00Z,2025-04-28T04:00:00Z,Hall and Sons New Business 660,closedlost,2025-05-12T09:51:00.476Z,199296351463,default
199296351464,2025-05-31T04:00:00Z,2025-05-12T09:51:02.343Z,False,87764,2025-07-04T04:00:00Z,2025-05-31T04:00:00Z,Harris-Harris Expansion 442,closedlost,2025-05-12T09:51:02.343Z,199296351464,default
199296351465,2025-05-08T04:00:00Z,2025-05-06T13:02:18.425Z,False,89815,2025-06-21T04:00:00Z,2025-05-08T04:00:00Z,"Owens, Bernard and Hamilton Expansion 1376",closedlost,2025-05-06T13:02:18.425Z,199296351465,default
199298153687,2025-04-10T04:00:00Z,2025-05-12T09:51:02.343Z,False,39546,2025-05-24T04:00:00Z,2025-04-10T04:00:00Z,"Kemp, Johnson and Cunningham Expansion 875",closedwon,2025-05-12T09:51:02.343Z,199298153687,default
199298153688,2025-06-26T04:00:00Z,2025-05-06T13:02:20.618Z,False,72685,2025-08-03T04:00:00Z,2025-06-26T04:00:00Z,"Lopez, Trevino and Santos New Business 1170",closedwon,2025-05-06T13:02:20.618Z,199298153688,default
199298153689,2025-04-10T04:00:00Z,2025-05-12T09:50:59.371Z,False,40235,2025-06-10T04:00:00Z,2025-04-10T04:00:00Z,Hampton Ltd New Business 2707,appointmentscheduled,2025-05-12T09:50:59.371Z,199298153689,default
199298153691,2025-04-24T04:00:00Z,2025-05-12T09:51:02.549Z,False,59021,2025-06-16T04:00:00Z,2025-04-24T04:00:00Z,Bullock-Johnson New Business 1315,closedlost,2025-05-12T09:51:02.549Z,199298153691,default
199298153692,2025-04-01T04:00:00Z,2025-05-06T13:02:18.259Z,False,88896,2025-05-11T04:00:00Z,2025-04-01T04:00:00Z,Miller-Adams New Business 1171,presentationscheduled,2025-05-06T13:02:18.259Z,199298153692,default
199298153693,2025-05-19T04:00:00Z,2025-05-12T09:51:02.343Z,False,77629,2025-06-26T04:00:00Z,2025-05-19T04:00:00Z,"Cole, Mann and Calhoun New Business 1535",appointmentscheduled,2025-05-12T09:51:02.343Z,199298153693,default
199298153694,2025-06-28T04:00:00Z,2025-05-12T09:50:59.491Z,False,63784,2025-08-21T04:00:00Z,2025-06-28T04:00:00Z,"Calderon, Brown and Hernandez Expansion 1943",closedlost,2025-05-12T09:50:59.491Z,199298153694,default
199298153695,2025-06-26T04:00:00Z,2025-05-06T13:02:18.425Z,False,86201,2025-09-07T04:00:00Z,2025-06-26T04:00:00Z,Perez-Griffith New Business 384,closedlost,2025-05-06T13:02:18.425Z,199298153695,default
199299820731,2025-05-13T04:00:00Z,2025-05-12T09:51:03.533Z,False,55903,2025-06-30T04:00:00Z,2025-05-13T04:00:00Z,"Cunningham, English and Mclaughlin Expansion 1193",closedwon,2025-05-12T09:51:03.533Z,199299820731,default
199299820732,2025-04-14T04:00:00Z,2025-05-12T09:51:02.343Z,False,65526,2025-06-08T04:00:00Z,2025-04-14T04:00:00Z,"Huynh, Hamilton and Wong New Business 1166",closedlost,2025-05-12T09:51:02.343Z,199299820732,default
199299820733,2025-06-26T04:00:00Z,2025-05-12T09:51:02.785Z,False,90674,2025-07-24T04:00:00Z,2025-06-26T04:00:00Z,"Jordan, Jackson and Mcmahon New Business 1527",closedlost,2025-05-12T09:51:02.785Z,199299820733,default
199299820734,2025-04-25T04:00:00Z,2025-05-06T13:02:20.026Z,False,92455,2025-05-27T04:00:00Z,2025-04-25T04:00:00Z,"Simmons, Bennett and Carter New Business 1881",closedlost,2025-05-06T13:02:20.026Z,199299820734,default
199299820735,2025-06-27T04:00:00Z,2025-05-12T09:51:01.688Z,False,87399,2025-08-13T04:00:00Z,2025-06-27T04:00:00Z,Evans Inc New Business 1519,closedwon,2025-05-12T09:51:01.688Z,199299820735,default
199299820736,2025-05-08T04:00:00Z,2025-05-12T09:50:59.371Z,False,84056,2025-06-21T04:00:00Z,2025-05-08T04:00:00Z,Holmes-Klein New Business 224,closedlost,2025-05-12T09:50:59.371Z,199299820736,default
199299820737,2025-04-30T04:00:00Z,2025-05-12T09:50:59.491Z,False,95876,2025-05-18T04:00:00Z,2025-04-30T04:00:00Z,Graham-Hernandez Renewal 1486,closedlost,2025-05-12T09:50:59.491Z,199299820737,default
199299820739,2025-05-22T04:00:00Z,2025-05-12T09:51:03.632Z,False,88396,2025-07-22T04:00:00Z,2025-05-22T04:00:00Z,"Garcia, Bailey and Green New Business 344",closedwon,2025-05-12T09:51:03.632Z,199299820739,default
199299820740,2025-06-19T04:00:00Z,2025-05-06T13:02:18.374Z,False,84984,2025-07-22T04:00:00Z,2025-06-19T04:00:00Z,"Kramer, Turner and Mckinney Renewal 4042",closedwon,2025-05-06T13:02:18.374Z,199299820740,default
199299820742,2025-06-06T04:00:00Z,2025-05-12T09:51:03.237Z,False,75874,2025-06-21T04:00:00Z,2025-06-06T04:00:00Z,"Gilbert, Mejia and Allen New Business 867",closedwon,2025-05-12T09:51:03.237Z,199299820742,default
199299820743,2025-04-06T04:00:00Z,2025-05-06T13:02:18.410Z,False,81489,2025-06-01T04:00:00Z,2025-04-06T04:00:00Z,"Smith, Garrett and Davis New Business 856",closedlost,2025-05-06T13:02:18.410Z,199299820743,default
199301299415,2025-04-18T04:00:00Z,2025-05-12T09:51:00.646Z,False,65214,2025-06-09T04:00:00Z,2025-04-18T04:00:00Z,"Gregory, Barrett and Parks New Business 1897",closedwon,2025-05-12T09:51:00.646Z,199301299415,default
199301299416,2025-06-23T04:00:00Z,2025-05-06T13:02:18.410Z,False,76535,2025-08-17T04:00:00Z,2025-06-23T04:00:00Z,"Nichols, Young and Rivera Renewal 392",closedwon,2025-05-06T13:02:18.410Z,199301299416,default
199301299417,2025-06-17T04:00:00Z,2025-05-12T09:51:01.755Z,False,76313,2025-07-27T04:00:00Z,2025-06-17T04:00:00Z,Chaney-Jimenez New Business 2032,closedwon,2025-05-12T09:51:01.755Z,199301299417,default
199301299418,2025-05-08T04:00:00Z,2025-05-06T13:02:18.304Z,False,107734,2025-07-08T04:00:00Z,2025-05-08T04:00:00Z,Nolan-Oneill New Business 1095,closedwon,2025-05-06T13:02:18.304Z,199301299418,default
199301299419,2025-05-02T04:00:00Z,2025-05-06T13:02:18.363Z,False,81073,2025-06-08T04:00:00Z,2025-05-02T04:00:00Z,"Payne, Murphy and Elliott New Business 1545",closedlost,2025-05-06T13:02:18.363Z,199301299419,default
199301299420,2025-04-07T04:00:00Z,2025-05-12T09:50:59.858Z,False,71695,2025-05-04T04:00:00Z,2025-04-07T04:00:00Z,Costa-Robinson New Business 405,closedwon,2025-05-12T09:50:59.858Z,199301299420,default
199302320350,2025-05-07T04:00:00Z,2025-05-12T09:50:59.500Z,False,88656,2025-06-17T04:00:00Z,2025-05-07T04:00:00Z,Andrade Inc New Business 745,decisionmakerboughtin,2025-05-12T09:50:59.500Z,199302320350,default
199302320351,2025-04-29T04:00:00Z,2025-05-06T13:02:20.026Z,False,73249,2025-06-22T04:00:00Z,2025-04-29T04:00:00Z,Roach LLC New Business 214,presentationscheduled,2025-05-06T13:02:20.026Z,199302320351,default
199302320352,2025-06-20T04:00:00Z,2025-05-06T13:02:19.636Z,False,68393,2025-07-16T04:00:00Z,2025-06-20T04:00:00Z,Patterson-Singh New Business 248,closedlost,2025-05-06T13:02:19.636Z,199302320352,default
199302320353,2025-05-01T04:00:00Z,2025-05-06T13:02:18.343Z,False,74545,2025-06-14T04:00:00Z,2025-05-01T04:00:00Z,Ramirez LLC New Business 457,closedlost,2025-05-06T13:02:18.343Z,199302320353,default
199302320354,2025-04-07T04:00:00Z,2025-05-06T13:02:18.410Z,False,69434,2025-04-30T04:00:00Z,2025-04-07T04:00:00Z,Schultz-Kirk Expansion 480,closedlost,2025-05-06T13:02:18.410Z,199302320354,default
199302320355,2025-04-20T04:00:00Z,2025-05-06T13:02:18.343Z,False,90616,2025-05-26T04:00:00Z,2025-04-20T04:00:00Z,"Sanders, Adams and Patterson New Business 1972",closedlost,2025-05-06T13:02:18.343Z,199302320355,default
199302320356,2025-05-16T04:00:00Z,2025-05-06T13:02:19.636Z,False,79435,2025-07-16T04:00:00Z,2025-05-16T04:00:00Z,Moore-Patterson New Business 277,closedlost,2025-05-06T13:02:19.636Z,199302320356,default
199302320357,2025-04-24T04:00:00Z,2025-05-12T09:50:59.500Z,False,64818,2025-05-14T04:00:00Z,2025-04-24T04:00:00Z,"Clark, Butler and Cortez New Business 3114",closedwon,2025-05-12T09:50:59.500Z,199302320357,default
199302320358,2025-05-03T04:00:00Z,2025-05-12T09:50:59.500Z,False,76395,2025-06-11T04:00:00Z,2025-05-03T04:00:00Z,Bennett Ltd New Business 1983,presentationscheduled,2025-05-12T09:50:59.500Z,199302320358,default
199302320359,2025-06-27T04:00:00Z,2025-05-13T19:05:49.843Z,False,81713,2025-08-13T04:00:00Z,2025-06-27T04:00:00Z,Torres-Henderson Renewal 398,qualifiedtobuy,2025-05-13T19:05:49.843Z,199302320359,default
199302320360,2025-04-11T04:00:00Z,2025-05-12T09:50:59.374Z,False,63784,2025-06-10T04:00:00Z,2025-04-11T04:00:00Z,Cunningham and Sons Expansion 390,closedwon,2025-05-12T09:50:59.374Z,199302320360,default
199324547259,2025-05-14T04:00:00Z,2025-05-06T13:02:18.333Z,False,87947,2025-07-19T04:00:00Z,2025-05-14T04:00:00Z,"Nelson, Adams and Myers Renewal 1257",closedlost,2025-05-06T13:02:18.333Z,199324547259,default
199324547260,2025-05-03T04:00:00Z,2025-05-12T09:50:59.987Z,False,108230,2025-07-07T04:00:00Z,2025-05-03T04:00:00Z,Esparza-Stevens New Business 890,appointmentscheduled,2025-05-12T09:50:59.987Z,199324547260,default
199324547261,2025-04-17T04:00:00Z,2025-05-12T09:51:01.187Z,False,55586,2025-06-01T04:00:00Z,2025-04-17T04:00:00Z,Bernard PLC Renewal 4773,closedlost,2025-05-12T09:51:01.187Z,199324547261,default
199324547262,2025-05-01T04:00:00Z,2025-05-12T09:51:03.477Z,False,86123,2025-05-20T04:00:00Z,2025-05-01T04:00:00Z,Berger-Watkins New Business 1997,appointmentscheduled,2025-05-12T09:51:03.477Z,199324547262,default
199324547263,2025-04-12T04:00:00Z,2025-05-12T09:50:59.370Z,False,98018,2025-05-20T04:00:00Z,2025-04-12T04:00:00Z,Bryant and Sons New Business 258,closedlost,2025-05-12T09:50:59.370Z,199324547263,default
199324547264,2025-06-22T04:00:00Z,2025-05-06T13:02:18.401Z,False,82801,2025-07-25T04:00:00Z,2025-06-22T04:00:00Z,"Miller, Sullivan and Garcia New Business 3428",closedwon,2025-05-06T13:02:18.401Z,199324547264,default
199325317364,2025-04-01T04:00:00Z,2025-05-12T09:51:01.186Z,False,80835,2025-06-01T04:00:00Z,2025-04-01T04:00:00Z,Garcia and Sons New Business 358,presentationscheduled,2025-05-12T09:51:01.186Z,199325317364,default
199325317365,2025-06-03T04:00:00Z,2025-05-12T09:51:00.643Z,False,81804,2025-07-25T04:00:00Z,2025-06-03T04:00:00Z,"Adams, Cruz and Davidson New Business 3983",closedlost,2025-05-12T09:51:00.643Z,199325317365,default
199325317366,2025-05-27T04:00:00Z,2025-05-12T09:51:01.186Z,False,76415,2025-06-27T04:00:00Z,2025-05-27T04:00:00Z,Clark-Combs New Business 3528,closedlost,2025-05-12T09:51:01.186Z,199325317366,default
199325317367,2025-04-21T04:00:00Z,2025-05-06T13:02:18.838Z,False,79406,2025-06-15T04:00:00Z,2025-04-21T04:00:00Z,Wright-Thomas New Business 557,contractsent,2025-05-06T13:02:18.838Z,199325317367,default
199325317368,2025-04-19T04:00:00Z,2025-05-06T13:02:20.485Z,False,85760,2025-06-02T04:00:00Z,2025-04-19T04:00:00Z,Washington-Mccann New Business 3428,presentationscheduled,2025-05-06T13:02:20.485Z,199325317368,default
199325317369,2025-04-10T04:00:00Z,2025-05-06T13:02:18.401Z,False,52386,2025-05-05T04:00:00Z,2025-04-10T04:00:00Z,Morales-Hart Renewal 991,closedlost,2025-05-06T13:02:18.401Z,199325317369,default
199325318330,2025-05-17T04:00:00Z,2025-05-06T13:02:19.586Z,False,72046,2025-06-19T04:00:00Z,2025-05-17T04:00:00Z,"Watson, Harrell and Thomas Renewal 2549",closedwon,2025-05-06T13:02:19.586Z,199325318330,default
199325318331,2025-04-29T04:00:00Z,2025-05-06T13:02:18.333Z,False,60793,2025-07-09T04:00:00Z,2025-04-29T04:00:00Z,Ross Inc New Business 1304,closedwon,2025-05-06T13:02:18.333Z,199325318331,default
199325318333,2025-06-08T04:00:00Z,2025-05-06T13:02:20.485Z,False,63341,2025-08-18T04:00:00Z,2025-06-08T04:00:00Z,Stewart-Watkins New Business 1785,closedwon,2025-05-06T13:02:20.485Z,199325318333,default
199327981798,2025-04-01T04:00:00Z,2025-05-06T13:02:20.428Z,False,79508,2025-05-07T04:00:00Z,2025-04-01T04:00:00Z,White PLC New Business 548,appointmentscheduled,2025-05-06T13:02:20.428Z,199327981798,default
199327981799,2025-06-02T04:00:00Z,2025-05-12T09:50:59.370Z,False,89212,2025-07-28T04:00:00Z,2025-06-02T04:00:00Z,James and Sons New Business 890,decisionmakerboughtin,2025-05-12T09:50:59.370Z,199327981799,default
199327981800,2025-05-16T04:00:00Z,2025-05-06T13:02:18.374Z,False,118600,2025-06-30T04:00:00Z,2025-05-16T04:00:00Z,Taylor-Bridges Renewal 1948,closedlost,2025-05-06T13:02:18.374Z,199327981800,default
199327981801,2025-06-24T04:00:00Z,2025-05-12T09:51:01.701Z,False,89680,2025-08-28T04:00:00Z,2025-06-24T04:00:00Z,"Edwards, Carlson and Adams New Business 223",presentationscheduled,2025-05-12T09:51:01.701Z,199327981801,default
199327981802,2025-06-10T04:00:00Z,2025-05-06T13:02:18.152Z,False,80276,2025-08-19T04:00:00Z,2025-06-10T04:00:00Z,Wright Ltd New Business 687,closedlost,2025-05-06T13:02:18.152Z,199327981802,default
199327981803,2025-06-28T04:00:00Z,2025-05-12T09:51:02.549Z,False,79008,2025-07-24T04:00:00Z,2025-06-28T04:00:00Z,Jones-May New Business 242,closedlost,2025-05-12T09:51:02.549Z,199327981803,default
199327981804,2025-05-23T04:00:00Z,2025-05-06T13:02:19.040Z,False,79880,2025-07-29T04:00:00Z,2025-05-23T04:00:00Z,Miller Ltd New Business 1964,closedlost,2025-05-06T13:02:19.040Z,199327981804,default
199327981805,2025-05-23T04:00:00Z,2025-05-12T09:50:59.842Z,False,74859,2025-07-01T04:00:00Z,2025-05-23T04:00:00Z,"Edwards, Mcfarland and Becker Expansion 822",presentationscheduled,2025-05-12T09:50:59.842Z,199327981805,default
199327981806,2025-05-03T04:00:00Z,2025-05-12T09:51:00.645Z,False,51938,2025-06-11T04:00:00Z,2025-05-03T04:00:00Z,"Hernandez, Jackson and Gonzalez New Business 730",closedlost,2025-05-12T09:51:00.645Z,199327981806,default
199327981807,2025-06-13T04:00:00Z,2025-05-06T13:02:19.002Z,False,71114,2025-07-15T04:00:00Z,2025-06-13T04:00:00Z,"Mccarty, Cox and Mueller New Business 600",closedlost,2025-05-06T13:02:19.002Z,199327981807,default
199327981808,2025-04-07T04:00:00Z,2025-05-06T13:02:19.915Z,False,85498,2025-05-07T04:00:00Z,2025-04-07T04:00:00Z,Wilcox-Bates New Business 826,closedwon,2025-05-06T13:02:19.915Z,199327981808,default
199327981809,2025-06-27T04:00:00Z,2025-05-06T13:03:22.920Z,False,54958,2025-08-19T04:00:00Z,2025-06-27T04:00:00Z,"Valdez, Valdez and Reyes New Business 2229",qualifiedtobuy,2025-05-06T13:03:22.920Z,199327981809,default
199327981810,2025-04-05T04:00:00Z,2025-05-06T13:02:18.343Z,False,76175,2025-06-11T04:00:00Z,2025-04-05T04:00:00Z,Rios-Hernandez Expansion 221,closedwon,2025-05-06T13:02:18.343Z,199327981810,default
199327981811,2025-06-18T04:00:00Z,2025-05-06T13:03:35.473Z,False,62251,2025-07-03T04:00:00Z,2025-06-18T04:00:00Z,"Velez, Schwartz and Maldonado New Business 1990",qualifiedtobuy,2025-05-06T13:03:35.473Z,199327981811,default
199328962804,2025-04-21T04:00:00Z,2025-05-12T09:51:01.763Z,False,81640,2025-06-15T04:00:00Z,2025-04-21T04:00:00Z,Armstrong Ltd Expansion 1797,presentationscheduled,2025-05-12T09:51:01.763Z,199328962804,default
199328962805,2025-04-24T04:00:00Z,2025-05-12T09:51:00.476Z,False,90825,2025-05-22T04:00:00Z,2025-04-24T04:00:00Z,"Flowers, Conley and Walsh Expansion 380",closedlost,2025-05-12T09:51:00.476Z,199328962805,default
199328962806,2025-04-10T04:00:00Z,2025-05-12T09:51:00.015Z,False,92535,2025-05-08T04:00:00Z,2025-04-10T04:00:00Z,"Hopkins, Conley and Peterson New Business 1308",closedwon,2025-05-12T09:51:00.015Z,199328962806,default
199328962807,2025-05-28T04:00:00Z,2025-05-06T13:02:19.216Z,False,74585,2025-07-29T04:00:00Z,2025-05-28T04:00:00Z,Ray PLC New Business 1751,closedwon,2025-05-06T13:02:19.216Z,199328962807,default
199329541340,2025-05-13T04:00:00Z,2025-05-12T09:51:00.637Z,False,71903,2025-06-15T04:00:00Z,2025-05-13T04:00:00Z,Hammond Inc New Business 288,closedwon,2025-05-12T09:51:00.637Z,199329541340,default
199329541341,2025-05-29T04:00:00Z,2025-05-12T09:51:00.637Z,False,126183,2025-07-29T04:00:00Z,2025-05-29T04:00:00Z,"Kelly, Sanders and Robertson Expansion 834",closedwon,2025-05-12T09:51:00.637Z,199329541341,default
199329541342,2025-05-23T04:00:00Z,2025-05-06T13:02:19.086Z,False,75958,2025-07-17T04:00:00Z,2025-05-23T04:00:00Z,"Lee, Davis and Martin Expansion 2605",closedwon,2025-05-06T13:02:19.086Z,199329541342,default
199329541343,2025-04-26T04:00:00Z,2025-05-06T13:02:19.002Z,False,98691,2025-05-11T04:00:00Z,2025-04-26T04:00:00Z,"Williams, Hudson and Burton New Business 1510",closedlost,2025-05-06T13:02:19.002Z,199329541343,default
199329541344,2025-04-15T04:00:00Z,2025-05-12T09:50:59.842Z,False,70222,2025-05-30T04:00:00Z,2025-04-15T04:00:00Z,Fernandez Ltd New Business 1455,closedwon,2025-05-12T09:50:59.842Z,199329541344,default
199329541345,2025-06-10T04:00:00Z,2025-05-12T09:51:03.633Z,False,70240,2025-07-17T04:00:00Z,2025-06-10T04:00:00Z,Gonzalez Inc New Business 1423,presentationscheduled,2025-05-12T09:51:03.633Z,199329541345,default
199329541346,2025-05-04T04:00:00Z,2025-05-12T09:50:59.473Z,False,58887,2025-06-06T04:00:00Z,2025-05-04T04:00:00Z,Gould Inc New Business 1397,closedwon,2025-05-12T09:50:59.473Z,199329541346,default
199329541347,2025-06-05T04:00:00Z,2025-05-06T13:02:18.493Z,False,59777,2025-07-31T04:00:00Z,2025-06-05T04:00:00Z,Vincent-Jackson New Business 244,closedlost,2025-05-06T13:02:18.493Z,199329541347,default
199330762946,2025-05-13T04:00:00Z,2025-05-06T13:02:20.428Z,False,68654,2025-06-05T04:00:00Z,2025-05-13T04:00:00Z,Vazquez-Bradley New Business 428,appointmentscheduled,2025-05-06T13:02:20.428Z,199330762946,default
199330762947,2025-04-05T04:00:00Z,2025-05-06T13:02:19.048Z,False,79475,2025-06-15T04:00:00Z,2025-04-05T04:00:00Z,Moore and Sons New Business 202,closedwon,2025-05-06T13:02:19.048Z,199330762947,default
199330762949,2025-05-03T04:00:00Z,2025-05-12T09:50:59.421Z,False,76265,2025-07-01T04:00:00Z,2025-05-03T04:00:00Z,Hebert Ltd New Business 3528,closedlost,2025-05-12T09:50:59.421Z,199330762949,default
199330762950,2025-05-24T04:00:00Z,2025-05-12T09:51:02.549Z,False,80276,2025-07-13T04:00:00Z,2025-05-24T04:00:00Z,"Barrett, Jackson and Farmer New Business 1888",closedlost,2025-05-12T09:51:02.549Z,199330762950,default
199330762951,2025-04-18T04:00:00Z,2025-05-12T09:50:59.500Z,False,80424,2025-06-02T04:00:00Z,2025-04-18T04:00:00Z,"Deleon, White and Cervantes New Business 2742",presentationscheduled,2025-05-12T09:50:59.500Z,199330762951,default
199330762952,2025-06-22T04:00:00Z,2025-05-12T09:51:01.418Z,False,109470,2025-08-06T04:00:00Z,2025-06-22T04:00:00Z,"Crane, Caldwell and Pierce New Business 728",qualifiedtobuy,2025-05-12T09:51:01.418Z,199330762952,default
199330762953,2025-05-27T04:00:00Z,2025-05-06T13:02:19.636Z,False,93044,2025-07-31T04:00:00Z,2025-05-27T04:00:00Z,"Wagner, Johnson and Shepherd New Business 2066",appointmentscheduled,2025-05-06T13:02:19.636Z,199330762953,default
199330762954,2025-04-27T04:00:00Z,2025-05-06T13:02:19.153Z,False,95437,2025-06-18T04:00:00Z,2025-04-27T04:00:00Z,Mathis and Sons New Business 3984,presentationscheduled,2025-05-06T13:02:19.153Z,199330762954,default
199330762955,2025-04-26T04:00:00Z,2025-05-12T09:50:59.500Z,False,53319,2025-07-02T04:00:00Z,2025-04-26T04:00:00Z,Brown-Davis New Business 1836,presentationscheduled,2025-05-12T09:50:59.500Z,199330762955,default
199330762956,2025-04-17T04:00:00Z,2025-05-06T13:02:20.799Z,False,65155,2025-05-30T04:00:00Z,2025-04-17T04:00:00Z,"Osborne, Garcia and Goodman New Business 1085",closedlost,2025-05-06T13:02:20.799Z,199330762956,default
199330762958,2025-04-04T04:00:00Z,2025-05-12T09:50:59.857Z,False,78947,2025-04-24T04:00:00Z,2025-04-04T04:00:00Z,"Blackwell, Smith and Carson Renewal 256",closedwon,2025-05-12T09:50:59.857Z,199330762958,default
199330762959,2025-06-03T04:00:00Z,2025-05-12T09:51:01.688Z,False,82971,2025-07-15T04:00:00Z,2025-06-03T04:00:00Z,"Ellis, Cox and Cook Expansion 3085",closedwon,2025-05-12T09:51:01.688Z,199330762959,default
199332344054,2025-06-03T04:00:00Z,2025-05-06T13:02:19.286Z,False,75966,2025-07-01T04:00:00Z,2025-06-03T04:00:00Z,"Smith, Gibbs and Murray New Business 458",appointmentscheduled,2025-05-06T13:02:19.286Z,199332344054,default
199332344055,2025-04-23T04:00:00Z,2025-05-06T13:02:20.211Z,False,92347,2025-06-08T04:00:00Z,2025-04-23T04:00:00Z,Strickland-Jones New Business 4321,closedwon,2025-05-06T13:02:20.211Z,199332344055,default
199332344056,2025-06-20T04:00:00Z,2025-05-12T09:50:59.500Z,False,84199,2025-07-18T04:00:00Z,2025-06-20T04:00:00Z,Holloway Ltd New Business 725,closedwon,2025-05-12T09:50:59.500Z,199332344056,default
199332344057,2025-04-25T04:00:00Z,2025-05-06T13:02:18.259Z,False,104982,2025-06-24T04:00:00Z,2025-04-25T04:00:00Z,"Moss, Deleon and Harrington New Business 1843",closedlost,2025-05-06T13:02:18.259Z,199332344057,default
199332345018,2025-05-31T04:00:00Z,2025-05-06T13:02:19.876Z,False,93066,2025-07-10T04:00:00Z,2025-05-31T04:00:00Z,Taylor Ltd New Business 2847,closedlost,2025-05-06T13:02:19.876Z,199332345018,default
199332345019,2025-04-01T04:00:00Z,2025-05-12T09:51:02.355Z,False,82562,2025-05-13T04:00:00Z,2025-04-01T04:00:00Z,Fritz-Reyes New Business 2460,closedwon,2025-05-12T09:51:02.355Z,199332345019,default
199332345020,2025-05-27T04:00:00Z,2025-05-12T09:51:01.763Z,False,83895,2025-06-27T04:00:00Z,2025-05-27T04:00:00Z,Daniels-Johnson New Business 929,closedlost,2025-05-12T09:51:01.763Z,199332345020,default
199332345021,2025-06-15T04:00:00Z,2025-05-12T09:51:03.633Z,False,68142,2025-08-06T04:00:00Z,2025-06-15T04:00:00Z,Garcia-Gutierrez Expansion 470,decisionmakerboughtin,2025-05-12T09:51:03.633Z,199332345021,default
199334189278,2025-06-20T04:00:00Z,2025-05-06T13:02:18.259Z,False,60650,2025-07-15T04:00:00Z,2025-06-20T04:00:00Z,Wilkinson-Beck New Business 206,closedlost,2025-05-06T13:02:18.259Z,199334189278,default
199334189279,2025-06-25T04:00:00Z,2025-05-12T09:51:01.688Z,False,66151,2025-07-19T04:00:00Z,2025-06-25T04:00:00Z,"Braun, Velasquez and Chang New Business 1882",closedlost,2025-05-12T09:51:01.688Z,199334189279,default
199334189280,2025-05-29T04:00:00Z,2025-05-12T09:51:03.476Z,False,72291,2025-06-27T04:00:00Z,2025-05-29T04:00:00Z,Holmes-Burgess Renewal 4674,closedlost,2025-05-12T09:51:03.476Z,199334189280,default
199334189281,2025-05-15T04:00:00Z,2025-05-06T13:02:20.485Z,False,63985,2025-06-26T04:00:00Z,2025-05-15T04:00:00Z,Smith-Wright Renewal 1657,closedwon,2025-05-06T13:02:20.485Z,199334189281,default
199334189283,2025-06-17T04:00:00Z,2025-05-06T13:02:18.838Z,False,71395,2025-07-23T04:00:00Z,2025-06-17T04:00:00Z,Murray-Harrison New Business 995,closedlost,2025-05-06T13:02:18.838Z,199334189283,default
199334189284,2025-04-03T04:00:00Z,2025-05-12T09:51:02.353Z,False,72132,2025-05-25T04:00:00Z,2025-04-03T04:00:00Z,Fields and Sons New Business 228,closedwon,2025-05-12T09:51:02.353Z,199334189284,default
199334189285,2025-04-12T04:00:00Z,2025-05-06T13:02:19.286Z,False,56650,2025-06-05T04:00:00Z,2025-04-12T04:00:00Z,Wiggins-Coleman New Business 2643,closedlost,2025-05-06T13:02:19.286Z,199334189285,default
202506787052,2025-05-12T09:34:23.644Z,2025-05-12T09:34:30.819Z,False,33382,2025-05-31T09:34:07.951Z,2025-05-12T09:34:23.644Z,"Jordan, Jackson and Mcmahon - New Deal",appointmentscheduled,2025-05-12T09:34:30.819Z,202506787052,default
205288261866,2025-05-14T14:11:56.219Z,2025-05-22T12:09:33.483Z,False,6000,2025-05-31T14:11:43.692Z,2025-05-14T14:11:56.219Z,SignalCTRL - New Deal TEST,appointmentscheduled,2025-05-22T12:09:33.483Z,205288261866,default
